"Survived","Pclass","Sex","Age","SibSp","Parch","Fare","Embarked","HasCabin","Title","FamilySize","Fare_capped","Age_scaled","Fare_scaled","Age_z","Sex_num","EmbarkedC","EmbarkedQ","EmbarkedS","TitleMiss","TitleMr","TitleMrs","TitleRare"
"No","3","male",22,1,0,7.25,"S",0,"Mr",2,7.25,0.271173661724051,0.11046036834343,-0.534590915209605,1,0,0,1,0,1,0,0
"Yes","1","female",38,1,0,71.2833,"C",1,"Mrs",2,65.6344,0.472229203317416,1,0.66801657160677,0,1,0,0,0,0,1,0
"Yes","3","female",26,0,0,7.925,"S",0,"Miss",1,7.925,0.321437547122393,0.120744609534025,-0.233939043505511,0,0,0,1,1,0,0,0
"Yes","1","female",35,1,0,53.1,"S",1,"Mrs",2,53.1,0.43453128926866,0.809026973660154,0.4425276678287,0,0,0,1,0,0,1,0
"No","3","male",35,0,0,8.05,"S",0,"Mr",1,8.05,0.43453128926866,0.122649098643394,0.4425276678287,1,0,0,1,0,1,0,0
"No","3","male",25,0,0,8.4583,"Q",0,"Mr",1,8.4583,0.308871575772807,0.128869921870239,-0.309102011431534,1,0,1,0,0,1,0,0
"No","1","male",54,0,0,51.8625,"S",1,"Mr",1,51.8625,0.673284744910782,0.790172531477396,1.87062405842314,1,0,0,1,0,1,0,0
"No","3","male",2,3,1,21.075,"S",0,"Master",5,21.075,0.0198542347323448,0.321096863839694,-2.03785027373007,1,0,0,1,0,0,0,0
"Yes","3","female",27,0,2,11.1333,"S",0,"Mrs",3,11.1333,0.334003518471978,0.169625988810746,-0.158776075579488,0,0,0,1,0,0,1,0
"Yes","2","female",14,1,0,30.0708,"C",0,"Mrs",2,30.0708,0.170645890927369,0.458156088880221,-1.13589465861779,0,1,0,0,0,0,1,0
"Yes","3","female",4,1,1,16.7,"S",1,"Miss",3,16.7,0.0449861774315155,0.254439745011762,-1.88752433787803,0,0,0,1,1,0,0,0
"Yes","1","female",58,0,0,26.55,"S",1,"Miss",1,26.55,0.723548630309123,0.404513486830077,2.17127593012724,0,0,0,1,1,0,0,0
"No","3","male",20,0,0,8.05,"S",0,"Mr",1,8.05,0.246041719024881,0.122649098643394,-0.684916851061652,1,0,0,1,0,1,0,0
"No","3","male",39,1,5,31.275,"S",0,"Mr",7,31.275,0.484795174667002,0.476503175164243,0.743179539532793,1,0,0,1,0,1,0,0
"No","3","female",14,0,0,7.8542,"S",0,"Miss",1,7.8542,0.170645890927369,0.119665906902478,-1.13589465861779,0,0,0,1,1,0,0,0
"Yes","2","female",55,0,0,16,"S",0,"Mrs",1,16,0.685850716260367,0.243774605999293,1.94578702634917,0,0,0,1,0,0,1,0
"No","3","male",2,4,1,29.125,"Q",0,"Master",6,29.125,0.0198542347323448,0.443745962483088,-2.03785027373007,1,0,1,0,0,0,0,0
"Yes","2","male",30,0,0,13,"S",0,"Mr",1,13,0.371701432520734,0.198066867374426,0.0667128281985825,1,0,0,1,0,1,0,0
"No","3","female",31,1,0,18,"S",0,"Mrs",2,18,0.384267403870319,0.274246431749205,0.141875796124606,0,0,0,1,0,0,1,0
"Yes","3","female",21.5,0,0,7.225,"C",0,"Mrs",1,7.225,0.264890676049259,0.110079470521556,-0.572172399172616,0,1,0,0,0,0,1,0
"No","2","male",35,0,0,26,"S",0,"Mr",1,26,0.43453128926866,0.396133734748851,0.4425276678287,1,0,0,1,0,1,0,0
"Yes","2","male",34,0,0,13,"S",1,"Mr",1,13,0.421965317919075,0.198066867374426,0.367364699902676,1,0,0,1,0,1,0,0
"Yes","3","female",15,0,0,8.0292,"Q",0,"Miss",1,8.0292,0.183211862276954,0.122332191655595,-1.06073169069177,0,0,1,0,1,0,0,0
"Yes","1","male",28,0,0,35.5,"S",1,"Mr",1,35.5,0.346569489821563,0.540874907060931,-0.0836131076534643,1,0,0,1,0,1,0,0
"No","3","female",8,3,1,21.075,"S",0,"Miss",5,21.075,0.0952500628298567,0.321096863839694,-1.58687246617393,0,0,0,1,1,0,0,0
"Yes","3","female",38,1,5,31.3875,"S",0,"Mrs",7,31.3875,0.472229203317416,0.478217215362676,0.66801657160677,0,0,0,1,0,0,1,0
"No","3","male",25,0,0,7.225,"C",0,"Mr",1,7.225,0.308871575772807,0.110079470521556,-0.309102011431534,1,1,0,0,0,1,0,0
"No","1","male",19,3,2,263,"S",1,"Mr",6,65.6344,0.233475747675295,1,-0.760079818987675,1,0,0,1,0,1,0,0
"Yes","3","female",21.5,0,0,7.8792,"Q",0,"Miss",1,7.8792,0.264890676049259,0.120046804724352,-0.572172399172616,0,0,1,0,1,0,0,0
"No","3","male",25,0,0,7.8958,"S",0,"Mr",1,7.8958,0.308871575772807,0.120299720878076,-0.309102011431534,1,0,0,1,0,1,0,0
"No","1","male",40,0,0,27.7208,"C",0,"Rare",1,27.7208,0.497361146016587,0.422351693624075,0.818342507458817,1,1,0,0,0,0,0,1
"Yes","1","female",35,1,0,146.5208,"C",1,"Mrs",2,65.6344,0.43453128926866,1,0.4425276678287,0,1,0,0,0,0,1,0
"Yes","3","female",21.5,0,0,7.75,"Q",0,"Miss",1,7.75,0.264890676049259,0.118078324780908,-0.572172399172616,0,0,1,0,1,0,0,0
"No","2","male",66,0,0,10.5,"S",0,"Mr",1,10.5,0.824076401105805,0.159977085187036,2.77257967353543,1,0,0,1,0,1,0,0
"No","1","male",28,1,0,82.1708,"C",0,"Mr",2,65.6344,0.346569489821563,1,-0.0836131076534643,1,1,0,0,0,1,0,0
"No","1","male",42,1,0,52,"S",0,"Mr",2,52,0.522493088715758,0.792267469497702,0.968668443310863,1,0,0,1,0,1,0,0
"Yes","3","male",25,0,0,7.2292,"C",0,"Mr",1,7.2292,0.308871575772807,0.110143461355631,-0.309102011431534,1,1,0,0,0,1,0,0
"No","3","male",21,0,0,8.05,"S",0,"Mr",1,8.05,0.258607690374466,0.122649098643394,-0.609753883135628,1,0,0,1,0,1,0,0
"No","3","female",18,2,0,18,"S",0,"Miss",3,18,0.22090977632571,0.274246431749205,-0.835242786913698,0,0,0,1,1,0,0,0
"Yes","3","female",14,1,0,11.2417,"C",0,"Miss",2,11.2417,0.170645890927369,0.171277561766391,-1.13589465861779,0,1,0,0,1,0,0,0
"No","3","female",40,1,0,9.475,"S",0,"Mrs",2,9.475,0.497361146016587,0.144360274490206,0.818342507458817,0,0,0,1,0,0,1,0
"No","2","female",27,1,0,21,"S",0,"Mrs",2,21,0.334003518471978,0.319954170374072,-0.158776075579488,0,0,0,1,0,0,1,0
"No","3","male",25,0,0,7.8958,"C",0,"Mr",1,7.8958,0.308871575772807,0.120299720878076,-0.309102011431534,1,1,0,0,0,1,0,0
"Yes","2","female",3,1,2,41.5792,"C",0,"Miss",4,41.5792,0.0324202060819301,0.633497068610363,-1.96268730580405,0,1,0,0,1,0,0,0
"Yes","3","female",19,0,0,7.8792,"Q",0,"Miss",1,7.8792,0.233475747675295,0.120046804724352,-0.760079818987675,0,0,1,0,1,0,0,0
"No","3","male",25,0,0,8.05,"S",0,"Mr",1,8.05,0.308871575772807,0.122649098643394,-0.309102011431534,1,0,0,1,0,1,0,0
"No","3","male",25,1,0,15.5,"Q",0,"Mr",2,15.5,0.308871575772807,0.236156649561815,-0.309102011431534,1,0,1,0,0,1,0,0
"Yes","3","female",21.5,0,0,7.75,"Q",0,"Miss",1,7.75,0.264890676049259,0.118078324780908,-0.572172399172616,0,0,1,0,1,0,0,0
"No","3","male",25,2,0,21.6792,"C",0,"Mr",3,21.6792,0.308871575772807,0.330302402398742,-0.309102011431534,1,1,0,0,0,1,0,0
"No","3","female",18,1,0,17.8,"S",0,"Mrs",2,17.8,0.22090977632571,0.271199249174214,-0.835242786913698,0,0,0,1,0,0,1,0
"No","3","male",7,4,1,39.6875,"S",0,"Master",6,39.6875,0.0826840914802714,0.604675292224809,-1.66203543409996,1,0,0,1,0,0,0,0
"No","3","male",21,0,0,7.8,"S",0,"Mr",1,7.8,0.258607690374466,0.118840120424655,-0.609753883135628,1,0,0,1,0,1,0,0
"Yes","1","female",49,1,0,76.7292,"C",1,"Mrs",2,65.6344,0.610454888162855,1,1.49480921879303,0,1,0,0,0,0,1,0
"Yes","2","female",29,1,0,26,"S",0,"Mrs",2,26,0.359135461171149,0.396133734748851,-0.00845013972744087,0,0,0,1,0,0,1,0
"No","1","male",65,0,1,61.9792,"C",1,"Mr",2,61.9792,0.81151042975622,0.944309691259462,2.6974167056094,1,1,0,0,0,1,0,0
"Yes","1","male",40,0,0,35.5,"S",1,"Mr",1,35.5,0.497361146016587,0.540874907060931,0.818342507458817,1,0,0,1,0,1,0,0
"Yes","2","female",21,0,0,10.5,"S",0,"Miss",1,10.5,0.258607690374466,0.159977085187036,-0.609753883135628,0,0,0,1,1,0,0,0
"No","3","male",28.5,0,0,7.2292,"C",0,"Mr",1,7.2292,0.352852475496356,0.110143461355631,-0.0460316236904526,1,1,0,0,0,1,0,0
"Yes","2","female",5,1,2,27.75,"S",0,"Miss",4,27.75,0.0575521487811008,0.422796582280024,-1.812361369952,0,0,0,1,1,0,0,0
"No","3","male",11,5,2,46.9,"S",0,"Master",8,46.9,0.132947976878613,0.714564313835428,-1.36138356239586,1,0,0,1,0,0,0,0
"No","3","male",22,0,0,7.2292,"C",0,"Mr",1,7.2292,0.271173661724051,0.110143461355631,-0.534590915209605,1,1,0,0,0,1,0,0
"Yes","1","female",38,0,0,80,"S",1,"Miss",1,65.6344,0.472229203317416,1,0.66801657160677,0,0,0,1,1,0,0,0
"No","1","male",45,1,0,83.475,"S",1,"Mr",2,65.6344,0.560191002764514,1,1.19415734708893,1,0,0,1,0,1,0,0
"No","3","male",4,3,2,27.9,"S",0,"Master",6,27.9,0.0449861774315155,0.425081969211267,-1.88752433787803,1,0,0,1,0,0,0,0
"No","1","male",40,0,0,27.7208,"C",0,"Mr",1,27.7208,0.497361146016587,0.422351693624075,0.818342507458817,1,1,0,0,0,1,0,0
"Yes","3","male",25,1,1,15.2458,"C",0,"Master",3,15.2458,0.308871575772807,0.232283680509001,-0.309102011431534,1,1,0,0,0,0,0,0
"Yes","2","female",29,0,0,10.5,"S",1,"Mrs",1,10.5,0.359135461171149,0.159977085187036,-0.00845013972744087,0,0,0,1,0,0,1,0
"No","3","male",19,0,0,8.1583,"S",0,"Mr",1,8.1583,0.233475747675295,0.124299148007752,-0.760079818987675,1,0,0,1,0,1,0,0
"Yes","3","female",17,4,2,7.925,"S",0,"Miss",7,7.925,0.208343804976125,0.120744609534025,-0.910405754839722,0,0,0,1,1,0,0,0
"No","3","male",26,2,0,8.6625,"S",0,"Mr",3,8.6625,0.321437547122393,0.131981095279305,-0.233939043505511,1,0,0,1,0,1,0,0
"No","2","male",32,0,0,10.5,"S",0,"Mr",1,10.5,0.396833375219904,0.159977085187036,0.217038764050629,1,0,0,1,0,1,0,0
"No","3","female",16,5,2,46.9,"S",0,"Miss",8,46.9,0.195777833626539,0.714564313835428,-0.985568722765745,0,0,0,1,1,0,0,0
"No","2","male",21,0,0,73.5,"S",0,"Mr",1,65.6344,0.258607690374466,1,-0.609753883135628,1,0,0,1,0,1,0,0
"No","3","male",26,1,0,14.4542,"C",0,"Mr",2,14.4542,0.321437547122393,0.220222931877186,-0.233939043505511,1,1,0,0,0,1,0,0
"Yes","3","male",32,0,0,56.4958,"S",0,"Mr",1,56.4958,0.396833375219904,0.860765086600929,0.217038764050629,1,0,0,1,0,1,0,0
"No","3","male",25,0,0,7.65,"S",1,"Mr",1,7.65,0.308871575772807,0.116554733493412,-0.309102011431534,1,0,0,1,0,1,0,0
"No","3","male",25,0,0,7.8958,"S",0,"Mr",1,7.8958,0.308871575772807,0.120299720878076,-0.309102011431534,1,0,0,1,0,1,0,0
"No","3","male",25,0,0,8.05,"S",0,"Mr",1,8.05,0.308871575772807,0.122649098643394,-0.309102011431534,1,0,0,1,0,1,0,0
"Yes","2","male",0.83,0,2,29,"S",0,"Master",3,29,0.00515204825332998,0.441841473373719,-2.12579094620352,1,0,0,1,0,0,0,0
"Yes","3","female",30,0,0,12.475,"S",0,"Miss",1,12.475,0.371701432520734,0.190068013115074,0.0667128281985825,0,0,0,1,1,0,0,0
"No","3","male",22,0,0,9,"S",0,"Mr",1,9,0.271173661724051,0.137123215874602,-0.534590915209605,1,0,0,1,0,1,0,0
"Yes","3","male",29,0,0,9.5,"S",0,"Mr",1,9.5,0.359135461171149,0.14474117231208,-0.00845013972744087,1,0,0,1,0,1,0,0
"Yes","3","female",21.5,0,0,7.7875,"Q",0,"Miss",1,7.7875,0.264890676049259,0.118649671513718,-0.572172399172616,0,0,1,0,1,0,0,0
"No","1","male",28,0,0,47.1,"S",0,"Mr",1,47.1,0.346569489821563,0.717611496410419,-0.0836131076534643,1,0,0,1,0,1,0,0
"Yes","2","female",17,0,0,10.5,"S",0,"Miss",1,10.5,0.208343804976125,0.159977085187036,-0.910405754839722,0,0,0,1,1,0,0,0
"Yes","3","female",33,3,0,15.85,"S",0,"Mrs",4,15.85,0.40939934656949,0.24148921906805,0.292201731976653,0,0,0,1,0,0,1,0
"No","3","male",16,1,3,34.375,"S",0,"Mr",5,34.375,0.195777833626539,0.523734505076606,-0.985568722765745,1,0,0,1,0,1,0,0
"No","3","male",25,0,0,8.05,"S",0,"Mr",1,8.05,0.308871575772807,0.122649098643394,-0.309102011431534,1,0,0,1,0,1,0,0
"Yes","1","female",23,3,2,263,"S",1,"Miss",6,65.6344,0.283739633073637,1,-0.459427947283581,0,0,0,1,1,0,0,0
"No","3","male",24,0,0,8.05,"S",0,"Mr",1,8.05,0.296305604423222,0.122649098643394,-0.384264979357558,1,0,0,1,0,1,0,0
"No","3","male",29,0,0,8.05,"S",0,"Mr",1,8.05,0.359135461171149,0.122649098643394,-0.00845013972744087,1,0,0,1,0,1,0,0
"No","3","male",20,0,0,7.8542,"S",0,"Mr",1,7.8542,0.246041719024881,0.119665906902478,-0.684916851061652,1,0,0,1,0,1,0,0
"No","1","male",46,1,0,61.175,"S",1,"Mr",2,61.175,0.572756974114099,0.932056970125422,1.26932031501496,1,0,0,1,0,1,0,0
"No","3","male",26,1,2,20.575,"S",0,"Mr",4,20.575,0.321437547122393,0.313478907402216,-0.233939043505511,1,0,0,1,0,1,0,0
"No","3","male",59,0,0,7.25,"S",0,"Mr",1,7.25,0.736114601658708,0.11046036834343,2.24643889805326,1,0,0,1,0,1,0,0
"No","3","male",25,0,0,8.05,"S",0,"Mr",1,8.05,0.308871575772807,0.122649098643394,-0.309102011431534,1,0,0,1,0,1,0,0
"No","1","male",71,0,0,34.6542,"C",1,"Mr",1,34.6542,0.886906257853732,0.527988371951294,3.14839451316554,1,1,0,0,0,1,0,0
"Yes","1","male",23,0,1,63.3583,"C",1,"Mr",2,63.3583,0.283739633073637,0.965321538705313,-0.459427947283581,1,1,0,0,0,1,0,0
"Yes","2","female",34,0,1,23,"S",0,"Mrs",2,23,0.421965317919075,0.350425996123984,0.367364699902676,0,0,0,1,0,0,1,0
"No","2","male",34,1,0,26,"S",0,"Mr",2,26,0.421965317919075,0.396133734748851,0.367364699902676,1,0,0,1,0,1,0,0
"No","3","female",28,0,0,7.8958,"S",0,"Miss",1,7.8958,0.346569489821563,0.120299720878076,-0.0836131076534643,0,0,0,1,1,0,0,0
"No","3","male",25,0,0,7.8958,"S",0,"Mr",1,7.8958,0.308871575772807,0.120299720878076,-0.309102011431534,1,0,0,1,0,1,0,0
"No","1","male",21,0,1,77.2875,"S",1,"Mr",2,65.6344,0.258607690374466,1,-0.609753883135628,1,0,0,1,0,1,0,0
"No","3","male",33,0,0,8.6542,"S",0,"Mr",1,8.6542,0.40939934656949,0.131854637202443,0.292201731976653,1,0,0,1,0,1,0,0
"No","3","male",37,2,0,7.925,"S",0,"Mr",3,7.925,0.459663231967831,0.120744609534025,0.592853603680746,1,0,0,1,0,1,0,0
"No","3","male",28,0,0,7.8958,"S",0,"Mr",1,7.8958,0.346569489821563,0.120299720878076,-0.0836131076534643,1,0,0,1,0,1,0,0
"Yes","3","female",21,0,0,7.65,"S",0,"Miss",1,7.65,0.258607690374466,0.116554733493412,-0.609753883135628,0,0,0,1,1,0,0,0
"Yes","3","male",25,0,0,7.775,"S",0,"Mr",1,7.775,0.308871575772807,0.118459222602781,-0.309102011431534,1,0,0,1,0,1,0,0
"No","3","male",38,0,0,7.8958,"S",0,"Mr",1,7.8958,0.472229203317416,0.120299720878076,0.66801657160677,1,0,0,1,0,1,0,0
"Yes","3","female",21.5,1,0,24.15,"Q",0,"Miss",2,24.15,0.264890676049259,0.367947295930183,-0.572172399172616,0,0,1,0,1,0,0,0
"No","1","male",47,0,0,52,"S",1,"Mr",1,52,0.585322945463684,0.792267469497702,1.34448328294098,1,0,0,1,0,1,0,0
"No","3","female",14.5,1,0,14.4542,"C",0,"Miss",2,14.4542,0.176928876602161,0.220222931877186,-1.09831317465478,0,1,0,0,1,0,0,0
"No","3","male",22,0,0,8.05,"S",0,"Mr",1,8.05,0.271173661724051,0.122649098643394,-0.534590915209605,1,0,0,1,0,1,0,0
"No","3","female",20,1,0,9.825,"S",0,"Miss",2,9.825,0.246041719024881,0.149692843996441,-0.684916851061652,0,0,0,1,1,0,0,0
"No","3","female",17,0,0,14.4583,"C",0,"Miss",1,14.4583,0.208343804976125,0.220285399119974,-0.910405754839722,0,1,0,0,1,0,0,0
"No","3","male",21,0,0,7.925,"S",0,"Mr",1,7.925,0.258607690374466,0.120744609534025,-0.609753883135628,1,0,0,1,0,1,0,0
"No","3","male",70.5,0,0,7.75,"Q",0,"Mr",1,7.75,0.880623272178939,0.118078324780908,3.11081302920253,1,0,1,0,0,1,0,0
"No","2","male",29,1,0,21,"S",0,"Mr",2,21,0.359135461171149,0.319954170374072,-0.00845013972744087,1,0,0,1,0,1,0,0
"No","1","male",24,0,1,247.5208,"C",1,"Mr",2,65.6344,0.296305604423222,1,-0.384264979357558,1,1,0,0,0,1,0,0
"No","3","female",2,4,2,31.275,"S",0,"Miss",7,31.275,0.0198542347323448,0.476503175164243,-2.03785027373007,0,0,0,1,1,0,0,0
"No","2","male",21,2,0,73.5,"S",0,"Mr",3,65.6344,0.258607690374466,1,-0.609753883135628,1,0,0,1,0,1,0,0
"No","3","male",25,0,0,8.05,"S",0,"Mr",1,8.05,0.308871575772807,0.122649098643394,-0.309102011431534,1,0,0,1,0,1,0,0
"No","2","male",32.5,1,0,30.0708,"C",0,"Mr",2,30.0708,0.403116360894697,0.458156088880221,0.254620248013641,1,1,0,0,0,1,0,0
"Yes","2","female",32.5,0,0,13,"S",1,"Miss",1,13,0.403116360894697,0.198066867374426,0.254620248013641,0,0,0,1,1,0,0,0
"No","1","male",54,0,1,77.2875,"S",1,"Mr",2,65.6344,0.673284744910782,1,1.87062405842314,1,0,0,1,0,1,0,0
"Yes","3","male",12,1,0,11.2417,"C",0,"Master",2,11.2417,0.145513948228198,0.171277561766391,-1.28622059446984,1,1,0,0,0,0,0,0
"No","3","male",25,0,0,7.75,"Q",0,"Mr",1,7.75,0.308871575772807,0.118078324780908,-0.309102011431534,1,0,1,0,0,1,0,0
"Yes","3","male",24,0,0,7.1417,"S",0,"Mr",1,7.1417,0.296305604423222,0.108810318979072,-0.384264979357558,1,0,0,1,0,1,0,0
"Yes","3","female",21.5,1,1,22.3583,"C",1,"Miss",3,22.3583,0.264890676049259,0.340649110832125,-0.572172399172616,0,1,0,0,1,0,0,0
"No","3","male",45,0,0,6.975,"S",0,"Mr",1,6.975,0.560191002764514,0.106270492302817,1.19415734708893,1,0,0,1,0,1,0,0
"No","3","male",33,0,0,7.8958,"C",0,"Mr",1,7.8958,0.40939934656949,0.120299720878076,0.292201731976653,1,1,0,0,0,1,0,0
"No","3","male",20,0,0,7.05,"S",0,"Mr",1,7.05,0.246041719024881,0.107413185768439,-0.684916851061652,1,0,0,1,0,1,0,0
"No","3","female",47,1,0,14.5,"S",0,"Mrs",2,14.5,0.585322945463684,0.220920736686859,1.34448328294098,0,0,0,1,0,0,1,0
"Yes","2","female",29,1,0,26,"S",0,"Mrs",2,26,0.359135461171149,0.396133734748851,-0.00845013972744087,0,0,0,1,0,0,1,0
"No","2","male",25,0,0,13,"S",0,"Mr",1,13,0.308871575772807,0.198066867374426,-0.309102011431534,1,0,0,1,0,1,0,0
"No","2","male",23,0,0,15.0458,"C",0,"Mr",1,15.0458,0.283739633073637,0.22923649793401,-0.459427947283581,1,1,0,0,0,1,0,0
"Yes","1","female",19,0,2,26.2833,"S",1,"Miss",3,26.2833,0.233475747675295,0.400450068866326,-0.760079818987675,0,0,0,1,1,0,0,0
"No","1","male",37,1,0,53.1,"S",1,"Mr",2,53.1,0.459663231967831,0.809026973660154,0.592853603680746,1,0,0,1,0,1,0,0
"No","3","male",16,0,0,9.2167,"S",0,"Mr",1,9.2167,0.195777833626539,0.140424838194605,-0.985568722765745,1,0,0,1,0,1,0,0
"No","1","male",24,0,0,79.2,"C",1,"Mr",1,65.6344,0.296305604423222,1,-0.384264979357558,1,1,0,0,0,1,0,0
"No","3","female",21.5,0,2,15.2458,"C",0,"Mrs",3,15.2458,0.264890676049259,0.232283680509001,-0.572172399172616,0,1,0,0,0,0,1,0
"Yes","3","female",22,0,0,7.75,"S",0,"Miss",1,7.75,0.271173661724051,0.118078324780908,-0.534590915209605,0,0,0,1,1,0,0,0
"Yes","3","female",24,1,0,15.85,"S",0,"Mrs",2,15.85,0.296305604423222,0.24148921906805,-0.384264979357558,0,0,0,1,0,0,1,0
"No","3","male",19,0,0,6.75,"Q",0,"Mr",1,6.75,0.233475747675295,0.102842411905952,-0.760079818987675,1,0,1,0,0,1,0,0
"No","2","male",18,0,0,11.5,"S",0,"Mr",1,11.5,0.22090977632571,0.175212998061992,-0.835242786913698,1,0,0,1,0,1,0,0
"No","2","male",19,1,1,36.75,"S",0,"Mr",3,36.75,0.233475747675295,0.559919798154626,-0.760079818987675,1,0,0,1,0,1,0,0
"Yes","3","male",27,0,0,7.7958,"S",0,"Mr",1,7.7958,0.334003518471978,0.118776129590581,-0.158776075579488,1,0,0,1,0,1,0,0
"No","3","female",9,2,2,34.375,"S",0,"Miss",5,34.375,0.107816034179442,0.523734505076606,-1.51170949824791,0,0,0,1,1,0,0,0
"No","2","male",36.5,0,2,26,"S",1,"Mr",3,26,0.453380246293038,0.396133734748851,0.555272119717735,1,0,0,1,0,1,0,0
"No","2","male",42,0,0,13,"S",0,"Rare",1,13,0.522493088715758,0.198066867374426,0.968668443310863,1,0,0,1,0,0,0,1
"No","2","male",51,0,0,12.525,"S",0,"Rare",1,12.525,0.635586830862026,0.190829808758822,1.64513515464507,1,0,0,1,0,0,0,1
"Yes","1","female",22,1,0,66.6,"S",1,"Mrs",2,65.6344,0.271173661724051,1,-0.534590915209605,0,0,0,1,0,0,1,0
"No","3","male",55.5,0,0,8.05,"S",0,"Mr",1,8.05,0.69213370193516,0.122649098643394,1.98336851031218,1,0,0,1,0,1,0,0
"No","3","male",40.5,0,2,14.5,"S",0,"Mr",3,14.5,0.50364413169138,0.220920736686859,0.855923991421828,1,0,0,1,0,1,0,0
"No","3","male",25,0,0,7.3125,"S",0,"Mr",1,7.3125,0.308871575772807,0.111412612898114,-0.309102011431534,1,0,0,1,0,1,0,0
"No","1","male",51,0,1,61.3792,"C",0,"Mr",2,61.3792,0.635586830862026,0.935168143534488,1.64513515464507,1,1,0,0,0,1,0,0
"Yes","3","female",16,0,0,7.7333,"Q",0,"Miss",1,7.7333,0.195777833626539,0.117823885035896,-0.985568722765745,0,0,1,0,1,0,0,0
"No","3","male",30,0,0,8.05,"S",0,"Mr",1,8.05,0.371701432520734,0.122649098643394,0.0667128281985825,1,0,0,1,0,1,0,0
"No","3","male",25,0,0,8.6625,"S",0,"Mr",1,8.6625,0.308871575772807,0.131981095279305,-0.309102011431534,1,0,0,1,0,1,0,0
"No","3","male",25,8,2,69.55,"S",0,"Master",11,65.6344,0.308871575772807,1,-0.309102011431534,1,0,0,1,0,0,0,0
"No","3","male",44,0,1,16.1,"S",0,"Mr",2,16.1,0.547625031414928,0.245298197286789,1.11899437916291,1,0,0,1,0,1,0,0
"Yes","2","female",40,0,0,15.75,"S",0,"Mrs",1,15.75,0.497361146016587,0.239965627780554,0.818342507458817,0,0,0,1,0,0,1,0
"No","3","male",26,0,0,7.775,"S",0,"Mr",1,7.775,0.321437547122393,0.118459222602781,-0.233939043505511,1,0,0,1,0,1,0,0
"No","3","male",17,0,0,8.6625,"S",0,"Mr",1,8.6625,0.208343804976125,0.131981095279305,-0.910405754839722,1,0,0,1,0,1,0,0
"No","3","male",1,4,1,39.6875,"S",0,"Master",6,39.6875,0.00728826338275949,0.604675292224809,-2.1130132416561,1,0,0,1,0,0,0,0
"Yes","3","male",9,0,2,20.525,"S",0,"Master",3,20.525,0.107816034179442,0.312717111758468,-1.51170949824791,1,0,0,1,0,0,0,0
"Yes","1","female",35,0,1,55,"S",1,"Mrs",2,55,0.43453128926866,0.83797520812257,0.4425276678287,0,0,0,1,0,0,1,0
"No","3","female",45,1,4,27.9,"S",0,"Mrs",6,27.9,0.560191002764514,0.425081969211267,1.19415734708893,0,0,0,1,0,0,1,0
"No","1","male",40,0,0,25.925,"S",0,"Mr",1,25.925,0.497361146016587,0.39499104128323,0.818342507458817,1,0,0,1,0,1,0,0
"No","3","male",28,0,0,56.4958,"S",0,"Mr",1,56.4958,0.346569489821563,0.860765086600929,-0.0836131076534643,1,0,0,1,0,1,0,0
"No","1","male",61,0,0,33.5,"S",1,"Mr",1,33.5,0.761246544357879,0.51040308131102,2.39676483390531,1,0,0,1,0,1,0,0
"No","3","male",4,4,1,29.125,"Q",0,"Master",6,29.125,0.0449861774315155,0.443745962483088,-1.88752433787803,1,0,1,0,0,0,0,0
"Yes","3","female",1,1,1,11.1333,"S",0,"Miss",3,11.1333,0.00728826338275949,0.169625988810746,-2.1130132416561,0,0,0,1,1,0,0,0
"No","3","male",21,0,0,7.925,"S",0,"Mr",1,7.925,0.258607690374466,0.120744609534025,-0.609753883135628,1,0,0,1,0,1,0,0
"No","1","male",56,0,0,30.6958,"C",1,"Mr",1,30.6958,0.698416687609952,0.467678534427069,2.02094999427519,1,1,0,0,0,1,0,0
"No","3","male",18,1,1,7.8542,"S",0,"Mr",3,7.8542,0.22090977632571,0.119665906902478,-0.835242786913698,1,0,0,1,0,1,0,0
"No","3","male",25,3,1,25.4667,"S",0,"Master",5,25.4667,0.308871575772807,0.388008422412637,-0.309102011431534,1,0,0,1,0,0,0,0
"No","1","female",50,0,0,28.7125,"C",1,"Miss",1,28.7125,0.62302085951244,0.437461148422169,1.56997218671905,0,1,0,0,1,0,0,0
"No","2","male",30,0,0,13,"S",0,"Mr",1,13,0.371701432520734,0.198066867374426,0.0667128281985825,1,0,0,1,0,1,0,0
"No","3","male",36,0,0,0,"S",0,"Mr",1,0,0.447097260618246,0,0.517690635754723,1,0,0,1,0,1,0,0
"No","3","female",21.5,8,2,69.55,"S",0,"Miss",11,65.6344,0.264890676049259,1,-0.572172399172616,0,0,0,1,1,0,0,0
"No","2","male",30,0,0,15.05,"C",0,"Mr",1,15.05,0.371701432520734,0.229300488768085,0.0667128281985825,1,1,0,0,0,1,0,0
"No","3","male",9,4,2,31.3875,"S",0,"Master",7,31.3875,0.107816034179442,0.478217215362676,-1.51170949824791,1,0,0,1,0,0,0,0
"Yes","2","male",1,2,1,39,"S",1,"Master",4,39,0.00728826338275949,0.594200602123277,-2.1130132416561,1,0,0,1,0,0,0,0
"Yes","3","female",4,0,2,22.025,"S",0,"Miss",3,22.025,0.0449861774315155,0.335570981070902,-1.88752433787803,0,0,0,1,1,0,0,0
"No","1","male",40,0,0,50,"S",1,"Mr",1,50,0.497361146016587,0.761795643747791,0.818342507458817,1,0,0,1,0,1,0,0
"Yes","3","female",21.5,1,0,15.5,"Q",0,"Mrs",2,15.5,0.264890676049259,0.236156649561815,-0.572172399172616,0,0,1,0,0,0,1,0
"Yes","1","male",45,0,0,26.55,"S",0,"Mr",1,26.55,0.560191002764514,0.404513486830077,1.19415734708893,1,0,0,1,0,1,0,0
"No","3","male",40,1,1,15.5,"Q",0,"Mr",3,15.5,0.497361146016587,0.236156649561815,0.818342507458817,1,0,1,0,0,1,0,0
"No","3","male",36,0,0,7.8958,"S",0,"Mr",1,7.8958,0.447097260618246,0.120299720878076,0.517690635754723,1,0,0,1,0,1,0,0
"Yes","2","female",32,0,0,13,"S",0,"Mrs",1,13,0.396833375219904,0.198066867374426,0.217038764050629,0,0,0,1,0,0,1,0
"No","2","male",19,0,0,13,"S",0,"Mr",1,13,0.233475747675295,0.198066867374426,-0.760079818987675,1,0,0,1,0,1,0,0
"Yes","3","female",19,1,0,7.8542,"S",0,"Miss",2,7.8542,0.233475747675295,0.119665906902478,-0.760079818987675,0,0,0,1,1,0,0,0
"Yes","2","male",3,1,1,26,"S",1,"Master",3,26,0.0324202060819301,0.396133734748851,-1.96268730580405,1,0,0,1,0,0,0,0
"Yes","1","female",44,0,0,27.7208,"C",1,"Mrs",1,27.7208,0.547625031414928,0.422351693624075,1.11899437916291,0,1,0,0,0,0,1,0
"Yes","1","female",58,0,0,146.5208,"C",1,"Miss",1,65.6344,0.723548630309123,1,2.17127593012724,0,1,0,0,1,0,0,0
"No","3","male",25,0,0,7.75,"Q",0,"Mr",1,7.75,0.308871575772807,0.118078324780908,-0.309102011431534,1,0,1,0,0,1,0,0
"No","3","male",42,0,1,8.4042,"S",0,"Mr",2,8.4042,0.522493088715758,0.128045658983704,0.968668443310863,1,0,0,1,0,1,0,0
"Yes","3","female",21.5,0,0,7.75,"Q",0,"Miss",1,7.75,0.264890676049259,0.118078324780908,-0.572172399172616,0,0,1,0,1,0,0,0
"No","2","female",24,0,0,13,"S",0,"Miss",1,13,0.296305604423222,0.198066867374426,-0.384264979357558,0,0,0,1,1,0,0,0
"No","3","male",28,0,0,9.5,"S",0,"Mr",1,9.5,0.346569489821563,0.14474117231208,-0.0836131076534643,1,0,0,1,0,1,0,0
"No","3","male",25,8,2,69.55,"S",0,"Mr",11,65.6344,0.308871575772807,1,-0.309102011431534,1,0,0,1,0,1,0,0
"No","3","male",34,0,0,6.4958,"S",0,"Mr",1,6.4958,0.421965317919075,0.098969442853138,0.367364699902676,1,0,0,1,0,1,0,0
"No","3","male",45.5,0,0,7.225,"C",0,"Mr",1,7.225,0.566473988439306,0.110079470521556,1.23173883105195,1,1,0,0,0,1,0,0
"Yes","3","male",18,0,0,8.05,"S",0,"Mr",1,8.05,0.22090977632571,0.122649098643394,-0.835242786913698,1,0,0,1,0,1,0,0
"No","3","female",2,0,1,10.4625,"S",1,"Miss",2,10.4625,0.0198542347323448,0.159405738454225,-2.03785027373007,0,0,0,1,1,0,0,0
"No","3","male",32,1,0,15.85,"S",0,"Mr",2,15.85,0.396833375219904,0.24148921906805,0.217038764050629,1,0,0,1,0,1,0,0
"Yes","3","male",26,0,0,18.7875,"C",0,"Mr",1,18.7875,0.321437547122393,0.286244713138232,-0.233939043505511,1,1,0,0,0,1,0,0
"Yes","3","female",16,0,0,7.75,"Q",0,"Miss",1,7.75,0.195777833626539,0.118078324780908,-0.985568722765745,0,0,1,0,1,0,0,0
"Yes","1","male",40,0,0,31,"C",1,"Mr",1,31,0.497361146016587,0.47231329912363,0.818342507458817,1,1,0,0,0,1,0,0
"No","3","male",24,0,0,7.05,"S",0,"Mr",1,7.05,0.296305604423222,0.107413185768439,-0.384264979357558,1,0,0,1,0,1,0,0
"Yes","2","female",35,0,0,21,"S",0,"Miss",1,21,0.43453128926866,0.319954170374072,0.4425276678287,0,0,0,1,1,0,0,0
"No","3","male",22,0,0,7.25,"S",0,"Mr",1,7.25,0.271173661724051,0.11046036834343,-0.534590915209605,1,0,0,1,0,1,0,0
"No","2","male",30,0,0,13,"S",0,"Mr",1,13,0.371701432520734,0.198066867374426,0.0667128281985825,1,0,0,1,0,1,0,0
"No","3","male",25,1,0,7.75,"Q",0,"Mr",2,7.75,0.308871575772807,0.118078324780908,-0.309102011431534,1,0,1,0,0,1,0,0
"Yes","1","female",31,1,0,113.275,"C",1,"Miss",2,65.6344,0.384267403870319,1,0.141875796124606,0,1,0,0,1,0,0,0
"Yes","3","female",27,0,0,7.925,"S",0,"Miss",1,7.925,0.334003518471978,0.120744609534025,-0.158776075579488,0,0,0,1,1,0,0,0
"No","2","male",42,1,0,27,"S",0,"Mr",2,27,0.522493088715758,0.411369647623807,0.968668443310863,1,0,0,1,0,1,0,0
"Yes","1","female",32,0,0,76.2917,"C",1,"Miss",1,65.6344,0.396833375219904,1,0.217038764050629,0,1,0,0,1,0,0,0
"No","2","male",30,0,0,10.5,"S",0,"Mr",1,10.5,0.371701432520734,0.159977085187036,0.0667128281985825,1,0,0,1,0,1,0,0
"Yes","3","male",16,0,0,8.05,"S",0,"Mr",1,8.05,0.195777833626539,0.122649098643394,-0.985568722765745,1,0,0,1,0,1,0,0
"No","2","male",27,0,0,13,"S",0,"Mr",1,13,0.334003518471978,0.198066867374426,-0.158776075579488,1,0,0,1,0,1,0,0
"No","3","male",51,0,0,8.05,"S",0,"Mr",1,8.05,0.635586830862026,0.122649098643394,1.64513515464507,1,0,0,1,0,1,0,0
"No","3","male",25,0,0,7.8958,"S",0,"Mr",1,7.8958,0.308871575772807,0.120299720878076,-0.309102011431534,1,0,0,1,0,1,0,0
"Yes","1","male",38,1,0,90,"S",1,"Mr",2,65.6344,0.472229203317416,1,0.66801657160677,1,0,0,1,0,1,0,0
"No","3","male",22,0,0,9.35,"S",0,"Mr",1,9.35,0.271173661724051,0.142455785380837,-0.534590915209605,1,0,0,1,0,1,0,0
"Yes","2","male",19,0,0,10.5,"S",0,"Mr",1,10.5,0.233475747675295,0.159977085187036,-0.760079818987675,1,0,0,1,0,1,0,0
"No","3","male",20.5,0,0,7.25,"S",0,"Mr",1,7.25,0.252324704699673,0.11046036834343,-0.64733536709864,1,0,0,1,0,1,0,0
"No","2","male",18,0,0,13,"S",0,"Mr",1,13,0.22090977632571,0.198066867374426,-0.835242786913698,1,0,0,1,0,1,0,0
"No","3","female",21.5,3,1,25.4667,"S",0,"Miss",5,25.4667,0.264890676049259,0.388008422412637,-0.572172399172616,0,0,0,1,1,0,0,0
"Yes","1","female",35,1,0,83.475,"S",1,"Mrs",2,65.6344,0.43453128926866,1,0.4425276678287,0,0,0,1,0,0,1,0
"No","3","male",29,0,0,7.775,"S",0,"Mr",1,7.775,0.359135461171149,0.118459222602781,-0.00845013972744087,1,0,0,1,0,1,0,0
"No","2","male",59,0,0,13.5,"S",0,"Mr",1,13.5,0.736114601658708,0.205684823811904,2.24643889805326,1,0,0,1,0,1,0,0
"Yes","3","female",5,4,2,31.3875,"S",0,"Miss",7,31.3875,0.0575521487811008,0.478217215362676,-1.812361369952,0,0,0,1,1,0,0,0
"No","2","male",24,0,0,10.5,"S",0,"Mr",1,10.5,0.296305604423222,0.159977085187036,-0.384264979357558,1,0,0,1,0,1,0,0
"No","3","female",21.5,0,0,7.55,"S",0,"Miss",1,7.55,0.264890676049259,0.115031142205916,-0.572172399172616,0,0,0,1,1,0,0,0
"No","2","male",44,1,0,26,"S",0,"Mr",2,26,0.547625031414928,0.396133734748851,1.11899437916291,1,0,0,1,0,1,0,0
"Yes","2","female",8,0,2,26.25,"S",0,"Miss",3,26.25,0.0952500628298567,0.39994271296759,-1.58687246617393,0,0,0,1,1,0,0,0
"No","2","male",19,0,0,10.5,"S",0,"Mr",1,10.5,0.233475747675295,0.159977085187036,-0.760079818987675,1,0,0,1,0,1,0,0
"No","2","male",33,0,0,12.275,"S",0,"Mr",1,12.275,0.40939934656949,0.187020830540083,0.292201731976653,1,0,0,1,0,1,0,0
"No","3","female",21.5,1,0,14.4542,"C",0,"Miss",2,14.4542,0.264890676049259,0.220222931877186,-0.572172399172616,0,1,0,0,1,0,0,0
"Yes","3","female",21.5,1,0,15.5,"Q",0,"Miss",2,15.5,0.264890676049259,0.236156649561815,-0.572172399172616,0,0,1,0,1,0,0,0
"No","2","male",29,0,0,10.5,"S",0,"Mr",1,10.5,0.359135461171149,0.159977085187036,-0.00845013972744087,1,0,0,1,0,1,0,0
"No","3","male",22,0,0,7.125,"S",0,"Mr",1,7.125,0.271173661724051,0.10855587923406,-0.534590915209605,1,0,0,1,0,1,0,0
"No","3","male",30,0,0,7.225,"C",0,"Mr",1,7.225,0.371701432520734,0.110079470521556,0.0667128281985825,1,1,0,0,0,1,0,0
"No","1","male",44,2,0,90,"Q",1,"Rare",3,65.6344,0.547625031414928,1,1.11899437916291,1,0,1,0,0,0,0,1
"No","3","female",25,0,0,7.775,"S",0,"Miss",1,7.775,0.308871575772807,0.118459222602781,-0.309102011431534,0,0,0,1,1,0,0,0
"Yes","2","female",24,0,2,14.5,"S",0,"Mrs",3,14.5,0.296305604423222,0.220920736686859,-0.384264979357558,0,0,0,1,0,0,1,0
"Yes","1","male",37,1,1,52.5542,"S",1,"Mr",3,52.5542,0.459663231967831,0.800711212413003,0.592853603680746,1,0,0,1,0,1,0,0
"No","2","male",54,1,0,26,"S",0,"Rare",2,26,0.673284744910782,0.396133734748851,1.87062405842314,1,0,0,1,0,0,0,1
"No","3","male",25,0,0,7.25,"S",0,"Mr",1,7.25,0.308871575772807,0.11046036834343,-0.309102011431534,1,0,0,1,0,1,0,0
"No","3","female",29,1,1,10.4625,"S",1,"Mrs",3,10.4625,0.359135461171149,0.159405738454225,-0.00845013972744087,0,0,0,1,0,0,1,0
"No","1","male",62,0,0,26.55,"S",1,"Mr",1,26.55,0.773812515707464,0.404513486830077,2.47192780183133,1,0,0,1,0,1,0,0
"No","3","male",30,1,0,16.1,"S",0,"Mr",2,16.1,0.371701432520734,0.245298197286789,0.0667128281985825,1,0,0,1,0,1,0,0
"No","3","female",41,0,2,20.2125,"S",0,"Mrs",3,20.2125,0.509927117366172,0.307955888985044,0.89350547538484,0,0,0,1,0,0,1,0
"Yes","3","female",29,0,2,15.2458,"C",0,"Mrs",3,15.2458,0.359135461171149,0.232283680509001,-0.00845013972744087,0,1,0,0,0,0,1,0
"Yes","1","female",35,0,0,79.2,"C",0,"Mrs",1,65.6344,0.43453128926866,1,0.4425276678287,0,1,0,0,0,0,1,0
"Yes","1","female",30,0,0,86.5,"S",1,"Miss",1,65.6344,0.371701432520734,1,0.0667128281985825,0,0,0,1,1,0,0,0
"Yes","1","female",35,0,0,512.3292,"C",0,"Miss",1,65.6344,0.43453128926866,1,0.4425276678287,0,1,0,0,1,0,0,0
"Yes","2","female",50,0,1,26,"S",0,"Mrs",2,26,0.62302085951244,0.396133734748851,1.56997218671905,0,0,0,1,0,0,1,0
"No","3","male",25,0,0,7.75,"Q",0,"Mr",1,7.75,0.308871575772807,0.118078324780908,-0.309102011431534,1,0,1,0,0,1,0,0
"Yes","3","male",3,4,2,31.3875,"S",0,"Master",7,31.3875,0.0324202060819301,0.478217215362676,-1.96268730580405,1,0,0,1,0,0,0,0
"No","1","male",52,1,1,79.65,"S",1,"Mr",3,65.6344,0.648152802211611,1,1.7202981225711,1,0,0,1,0,1,0,0
"No","1","male",40,0,0,0,"S",1,"Mr",1,0,0.497361146016587,0,0.818342507458817,1,0,0,1,0,1,0,0
"No","3","female",21.5,0,0,7.75,"Q",0,"Miss",1,7.75,0.264890676049259,0.118078324780908,-0.572172399172616,0,0,1,0,1,0,0,0
"No","2","male",36,0,0,10.5,"S",0,"Mr",1,10.5,0.447097260618246,0.159977085187036,0.517690635754723,1,0,0,1,0,1,0,0
"No","3","male",16,4,1,39.6875,"S",0,"Mr",6,39.6875,0.195777833626539,0.604675292224809,-0.985568722765745,1,0,0,1,0,1,0,0
"Yes","3","male",25,1,0,7.775,"S",0,"Mr",2,7.775,0.308871575772807,0.118459222602781,-0.309102011431534,1,0,0,1,0,1,0,0
"Yes","1","female",58,0,1,153.4625,"S",1,"Mrs",2,65.6344,0.723548630309123,1,2.17127593012724,0,0,0,1,0,0,1,0
"Yes","1","female",35,0,0,135.6333,"S",1,"Miss",1,65.6344,0.43453128926866,1,0.4425276678287,0,0,0,1,1,0,0,0
"No","1","male",40,0,0,31,"S",0,"Mr",1,31,0.497361146016587,0.47231329912363,0.818342507458817,1,0,0,1,0,1,0,0
"Yes","3","male",25,0,0,0,"S",0,"Mr",1,0,0.308871575772807,0,-0.309102011431534,1,0,0,1,0,1,0,0
"Yes","2","female",41,0,1,19.5,"S",0,"Mrs",2,19.5,0.509927117366172,0.297100301061638,0.89350547538484,0,0,0,1,0,0,1,0
"No","1","male",37,0,1,29.7,"C",1,"Mr",2,29.7,0.459663231967831,0.452506612386188,0.592853603680746,1,1,0,0,0,1,0,0
"Yes","3","female",21.5,0,0,7.75,"Q",0,"Miss",1,7.75,0.264890676049259,0.118078324780908,-0.572172399172616,0,0,1,0,1,0,0,0
"Yes","1","female",63,1,0,77.9583,"S",1,"Miss",2,65.6344,0.786378487057049,1,2.54709076975736,0,0,0,1,1,0,0,0
"No","3","female",45,0,0,7.75,"S",0,"Miss",1,7.75,0.560191002764514,0.118078324780908,1.19415734708893,0,0,0,1,1,0,0,0
"No","2","male",30,0,0,0,"S",0,"Mr",1,0,0.371701432520734,0,0.0667128281985825,1,0,0,1,0,1,0,0
"No","3","male",7,4,1,29.125,"Q",0,"Master",6,29.125,0.0826840914802714,0.443745962483088,-1.66203543409996,1,0,1,0,0,0,0,0
"Yes","3","female",35,1,1,20.25,"S",0,"Mrs",3,20.25,0.43453128926866,0.308527235717855,0.4425276678287,0,0,0,1,0,0,1,0
"No","3","male",65,0,0,7.75,"Q",0,"Mr",1,7.75,0.81151042975622,0.118078324780908,2.6974167056094,1,0,1,0,0,1,0,0
"No","3","male",28,0,0,7.8542,"S",0,"Mr",1,7.8542,0.346569489821563,0.119665906902478,-0.0836131076534643,1,0,0,1,0,1,0,0
"No","3","male",16,0,0,9.5,"S",0,"Mr",1,9.5,0.195777833626539,0.14474117231208,-0.985568722765745,1,0,0,1,0,1,0,0
"Yes","3","male",19,0,0,8.05,"S",0,"Mr",1,8.05,0.233475747675295,0.122649098643394,-0.760079818987675,1,0,0,1,0,1,0,0
"No","1","male",40,0,0,26,"S",1,"Mr",1,26,0.497361146016587,0.396133734748851,0.818342507458817,1,0,0,1,0,1,0,0
"No","3","male",33,0,0,8.6625,"C",0,"Mr",1,8.6625,0.40939934656949,0.131981095279305,0.292201731976653,1,1,0,0,0,1,0,0
"Yes","3","male",30,0,0,9.5,"S",0,"Mr",1,9.5,0.371701432520734,0.14474117231208,0.0667128281985825,1,0,0,1,0,1,0,0
"No","3","male",22,0,0,7.8958,"S",0,"Mr",1,7.8958,0.271173661724051,0.120299720878076,-0.534590915209605,1,0,0,1,0,1,0,0
"Yes","2","male",42,0,0,13,"S",0,"Mr",1,13,0.522493088715758,0.198066867374426,0.968668443310863,1,0,0,1,0,1,0,0
"Yes","3","female",22,0,0,7.75,"Q",0,"Miss",1,7.75,0.271173661724051,0.118078324780908,-0.534590915209605,0,0,1,0,1,0,0,0
"Yes","1","female",26,0,0,78.85,"S",0,"Miss",1,65.6344,0.321437547122393,1,-0.233939043505511,0,0,0,1,1,0,0,0
"Yes","1","female",19,1,0,91.0792,"C",1,"Mrs",2,65.6344,0.233475747675295,1,-0.760079818987675,0,1,0,0,0,0,1,0
"No","2","male",36,0,0,12.875,"C",1,"Mr",1,12.875,0.447097260618246,0.196162378265056,0.517690635754723,1,1,0,0,0,1,0,0
"No","3","female",24,0,0,8.85,"S",0,"Miss",1,8.85,0.296305604423222,0.134837828943359,-0.384264979357558,0,0,0,1,1,0,0,0
"No","3","male",24,0,0,7.8958,"S",0,"Mr",1,7.8958,0.296305604423222,0.120299720878076,-0.384264979357558,1,0,0,1,0,1,0,0
"No","1","male",40,0,0,27.7208,"C",0,"Mr",1,27.7208,0.497361146016587,0.422351693624075,0.818342507458817,1,1,0,0,0,1,0,0
"No","3","male",23.5,0,0,7.2292,"C",0,"Mr",1,7.2292,0.290022618748429,0.110143461355631,-0.42184646332057,1,1,0,0,0,1,0,0
"No","1","female",2,1,2,151.55,"S",1,"Miss",4,65.6344,0.0198542347323448,1,-2.03785027373007,0,0,0,1,1,0,0,0
"Yes","1","male",40,0,0,30.5,"S",1,"Mr",1,30.5,0.497361146016587,0.464695342686152,0.818342507458817,1,0,0,1,0,1,0,0
"Yes","1","female",50,0,1,247.5208,"C",1,"Mrs",2,65.6344,0.62302085951244,1,1.56997218671905,0,1,0,0,0,0,1,0
"Yes","3","female",21.5,0,0,7.75,"Q",0,"Miss",1,7.75,0.264890676049259,0.118078324780908,-0.572172399172616,0,0,1,0,1,0,0,0
"Yes","3","male",25,2,0,23.25,"Q",0,"Mr",3,23.25,0.308871575772807,0.354234974342723,-0.309102011431534,1,0,1,0,0,1,0,0
"No","3","male",19,0,0,0,"S",0,"Mr",1,0,0.233475747675295,0,-0.760079818987675,1,0,0,1,0,1,0,0
"Yes","2","female",28,0,0,12.35,"Q",1,"Miss",1,12.35,0.346569489821563,0.188163524005704,-0.0836131076534643,0,0,1,0,1,0,0,0
"No","3","male",25,0,0,8.05,"S",0,"Mr",1,8.05,0.308871575772807,0.122649098643394,-0.309102011431534,1,0,0,1,0,1,0,0
"Yes","1","male",0.92,1,2,151.55,"S",1,"Master",4,65.6344,0.00628298567479266,1,-2.11902627909018,1,0,0,1,0,0,0,0
"Yes","1","female",35,0,0,110.8833,"C",0,"Miss",1,65.6344,0.43453128926866,1,0.4425276678287,0,1,0,0,1,0,0,0
"Yes","1","female",17,1,0,108.9,"C",1,"Mrs",2,65.6344,0.208343804976125,1,-0.910405754839722,0,1,0,0,0,0,1,0
"No","2","male",30,1,0,24,"C",0,"Mr",2,24,0.371701432520734,0.36566190899894,0.0667128281985825,1,1,0,0,0,1,0,0
"Yes","1","female",30,0,0,56.9292,"C",1,"Miss",1,56.9292,0.371701432520734,0.867368331240935,0.0667128281985825,0,1,0,0,1,0,0,0
"Yes","1","female",24,0,0,83.1583,"C",1,"Miss",1,65.6344,0.296305604423222,1,-0.384264979357558,0,1,0,0,1,0,0,0
"Yes","1","female",18,2,2,262.375,"C",1,"Miss",5,65.6344,0.22090977632571,1,-0.835242786913698,0,1,0,0,1,0,0,0
"No","2","female",26,1,1,26,"S",0,"Mrs",3,26,0.321437547122393,0.396133734748851,-0.233939043505511,0,0,0,1,0,0,1,0
"No","3","male",28,0,0,7.8958,"S",0,"Mr",1,7.8958,0.346569489821563,0.120299720878076,-0.0836131076534643,1,0,0,1,0,1,0,0
"No","2","male",43,1,1,26.25,"S",0,"Mr",3,26.25,0.535059060065343,0.39994271296759,1.04383141123689,1,0,0,1,0,1,0,0
"Yes","3","female",26,0,0,7.8542,"S",0,"Miss",1,7.8542,0.321437547122393,0.119665906902478,-0.233939043505511,0,0,0,1,1,0,0,0
"Yes","2","female",24,1,0,26,"S",0,"Mrs",2,26,0.296305604423222,0.396133734748851,-0.384264979357558,0,0,0,1,0,0,1,0
"No","2","male",54,0,0,14,"S",0,"Rare",1,14,0.673284744910782,0.213302780249381,1.87062405842314,1,0,0,1,0,0,0,1
"Yes","1","female",31,0,2,164.8667,"S",1,"Miss",3,65.6344,0.384267403870319,1,0.141875796124606,0,0,0,1,1,0,0,0
"Yes","1","female",40,1,1,134.5,"C",1,"Mrs",3,65.6344,0.497361146016587,1,0.818342507458817,0,1,0,0,0,0,1,0
"No","3","male",22,0,0,7.25,"S",0,"Mr",1,7.25,0.271173661724051,0.11046036834343,-0.534590915209605,1,0,0,1,0,1,0,0
"No","3","male",27,0,0,7.8958,"S",0,"Mr",1,7.8958,0.334003518471978,0.120299720878076,-0.158776075579488,1,0,0,1,0,1,0,0
"Yes","2","female",30,0,0,12.35,"Q",0,"Miss",1,12.35,0.371701432520734,0.188163524005704,0.0667128281985825,0,0,1,0,1,0,0,0
"Yes","2","female",22,1,1,29,"S",0,"Mrs",3,29,0.271173661724051,0.441841473373719,-0.534590915209605,0,0,0,1,0,0,1,0
"No","3","male",25,8,2,69.55,"S",0,"Mr",11,65.6344,0.308871575772807,1,-0.309102011431534,1,0,0,1,0,1,0,0
"Yes","1","female",36,0,0,135.6333,"C",1,"Miss",1,65.6344,0.447097260618246,1,0.517690635754723,0,1,0,0,1,0,0,0
"No","3","male",61,0,0,6.2375,"S",0,"Mr",1,6.2375,0.761246544357879,0.0950340065575369,2.39676483390531,1,0,0,1,0,1,0,0
"Yes","2","female",36,0,0,13,"S",1,"Mrs",1,13,0.447097260618246,0.198066867374426,0.517690635754723,0,0,0,1,0,0,1,0
"Yes","3","female",31,1,1,20.525,"S",0,"Mrs",3,20.525,0.384267403870319,0.312717111758468,0.141875796124606,0,0,0,1,0,0,1,0
"Yes","1","female",16,0,1,57.9792,"C",1,"Miss",2,57.9792,0.195777833626539,0.883366039759638,-0.985568722765745,0,1,0,0,1,0,0,0
"Yes","3","female",21.5,2,0,23.25,"Q",0,"Miss",3,23.25,0.264890676049259,0.354234974342723,-0.572172399172616,0,0,1,0,1,0,0,0
"No","1","male",45.5,0,0,28.5,"S",1,"Mr",1,28.5,0.566473988439306,0.434223516936241,1.23173883105195,1,0,0,1,0,1,0,0
"No","1","male",38,0,1,153.4625,"S",1,"Mr",2,65.6344,0.472229203317416,1,0.66801657160677,1,0,0,1,0,1,0,0
"No","3","male",16,2,0,18,"S",0,"Mr",3,18,0.195777833626539,0.274246431749205,-0.985568722765745,1,0,0,1,0,1,0,0
"Yes","1","female",35,1,0,133.65,"S",0,"Mrs",2,65.6344,0.43453128926866,1,0.4425276678287,0,0,0,1,0,0,1,0
"No","3","male",25,0,0,7.8958,"S",0,"Mr",1,7.8958,0.308871575772807,0.120299720878076,-0.309102011431534,1,0,0,1,0,1,0,0
"No","1","male",29,1,0,66.6,"S",1,"Mr",2,65.6344,0.359135461171149,1,-0.00845013972744087,1,0,0,1,0,1,0,0
"Yes","1","female",41,0,0,134.5,"C",1,"Miss",1,65.6344,0.509927117366172,1,0.89350547538484,0,1,0,0,1,0,0,0
"Yes","3","male",45,0,0,8.05,"S",0,"Mr",1,8.05,0.560191002764514,0.122649098643394,1.19415734708893,1,0,0,1,0,1,0,0
"No","1","male",45,0,0,35.5,"S",1,"Mr",1,35.5,0.560191002764514,0.540874907060931,1.19415734708893,1,0,0,1,0,1,0,0
"Yes","2","male",2,1,1,26,"S",1,"Master",3,26,0.0198542347323448,0.396133734748851,-2.03785027373007,1,0,0,1,0,0,0,0
"Yes","1","female",24,3,2,263,"S",1,"Miss",6,65.6344,0.296305604423222,1,-0.384264979357558,0,0,0,1,1,0,0,0
"No","2","male",28,0,0,13,"S",0,"Mr",1,13,0.346569489821563,0.198066867374426,-0.0836131076534643,1,0,0,1,0,1,0,0
"No","2","male",25,0,0,13,"S",0,"Mr",1,13,0.308871575772807,0.198066867374426,-0.309102011431534,1,0,0,1,0,1,0,0
"No","2","male",36,0,0,13,"S",0,"Mr",1,13,0.447097260618246,0.198066867374426,0.517690635754723,1,0,0,1,0,1,0,0
"Yes","2","female",24,0,0,13,"S",1,"Miss",1,13,0.296305604423222,0.198066867374426,-0.384264979357558,0,0,0,1,1,0,0,0
"Yes","2","female",40,0,0,13,"S",0,"Miss",1,13,0.497361146016587,0.198066867374426,0.818342507458817,0,0,0,1,1,0,0,0
"Yes","3","female",21.5,1,0,16.1,"S",0,"Mrs",2,16.1,0.264890676049259,0.245298197286789,-0.572172399172616,0,0,0,1,0,0,1,0
"Yes","3","male",3,1,1,15.9,"S",0,"Master",3,15.9,0.0324202060819301,0.242251014711797,-1.96268730580405,1,0,0,1,0,0,0,0
"No","3","male",42,0,0,8.6625,"S",0,"Mr",1,8.6625,0.522493088715758,0.131981095279305,0.968668443310863,1,0,0,1,0,1,0,0
"No","3","male",23,0,0,9.225,"S",0,"Mr",1,9.225,0.283739633073637,0.140551296271467,-0.459427947283581,1,0,0,1,0,1,0,0
"No","1","male",40,0,0,35,"S",1,"Mr",1,35,0.497361146016587,0.533256950623454,0.818342507458817,1,0,0,1,0,1,0,0
"No","3","male",15,1,1,7.2292,"C",0,"Mr",3,7.2292,0.183211862276954,0.110143461355631,-1.06073169069177,1,1,0,0,0,1,0,0
"No","3","male",25,1,0,17.8,"S",0,"Mr",2,17.8,0.308871575772807,0.271199249174214,-0.309102011431534,1,0,0,1,0,1,0,0
"No","3","male",25,0,0,7.225,"C",0,"Mr",1,7.225,0.308871575772807,0.110079470521556,-0.309102011431534,1,1,0,0,0,1,0,0
"No","3","male",28,0,0,9.5,"S",0,"Mr",1,9.5,0.346569489821563,0.14474117231208,-0.0836131076534643,1,0,0,1,0,1,0,0
"Yes","1","female",22,0,1,55,"S",1,"Miss",2,55,0.271173661724051,0.83797520812257,-0.534590915209605,0,0,0,1,1,0,0,0
"No","2","female",38,0,0,13,"S",0,"Miss",1,13,0.472229203317416,0.198066867374426,0.66801657160677,0,0,0,1,1,0,0,0
"Yes","3","female",21.5,0,0,7.8792,"Q",0,"Miss",1,7.8792,0.264890676049259,0.120046804724352,-0.572172399172616,0,0,1,0,1,0,0,0
"Yes","3","female",21.5,0,0,7.8792,"Q",0,"Miss",1,7.8792,0.264890676049259,0.120046804724352,-0.572172399172616,0,0,1,0,1,0,0,0
"No","3","male",40,1,4,27.9,"S",0,"Mr",6,27.9,0.497361146016587,0.425081969211267,0.818342507458817,1,0,0,1,0,1,0,0
"No","2","male",29,1,0,27.7208,"C",0,"Mr",2,27.7208,0.359135461171149,0.422351693624075,-0.00845013972744087,1,1,0,0,0,1,0,0
"No","3","female",45,0,1,14.4542,"C",0,"Mrs",2,14.4542,0.560191002764514,0.220222931877186,1.19415734708893,0,1,0,0,0,0,1,0
"No","3","male",35,0,0,7.05,"S",0,"Mr",1,7.05,0.43453128926866,0.107413185768439,0.4425276678287,1,0,0,1,0,1,0,0
"No","3","male",25,1,0,15.5,"Q",0,"Mr",2,15.5,0.308871575772807,0.236156649561815,-0.309102011431534,1,0,1,0,0,1,0,0
"No","3","male",30,0,0,7.25,"S",0,"Mr",1,7.25,0.371701432520734,0.11046036834343,0.0667128281985825,1,0,0,1,0,1,0,0
"Yes","1","female",60,1,0,75.25,"C",1,"Mrs",2,65.6344,0.748680573008293,1,2.32160186597928,0,1,0,0,0,0,1,0
"Yes","3","female",21.5,0,0,7.2292,"C",0,"Mrs",1,7.2292,0.264890676049259,0.110143461355631,-0.572172399172616,0,1,0,0,0,0,1,0
"Yes","3","female",21.5,0,0,7.75,"Q",0,"Miss",1,7.75,0.264890676049259,0.118078324780908,-0.572172399172616,0,0,1,0,1,0,0,0
"Yes","1","female",24,0,0,69.3,"C",1,"Mrs",1,65.6344,0.296305604423222,1,-0.384264979357558,0,1,0,0,0,0,1,0
"Yes","1","male",25,1,0,55.4417,"C",1,"Mr",2,55.4417,0.308871575772807,0.844704910839438,-0.309102011431534,1,1,0,0,0,1,0,0
"No","3","male",18,1,0,6.4958,"S",0,"Mr",2,6.4958,0.22090977632571,0.098969442853138,-0.835242786913698,1,0,0,1,0,1,0,0
"No","3","male",19,0,0,8.05,"S",0,"Mr",1,8.05,0.233475747675295,0.122649098643394,-0.760079818987675,1,0,0,1,0,1,0,0
"No","1","male",22,0,0,135.6333,"C",0,"Mr",1,65.6344,0.271173661724051,1,-0.534590915209605,1,1,0,0,0,1,0,0
"No","3","female",3,3,1,21.075,"S",0,"Miss",5,21.075,0.0324202060819301,0.321096863839694,-1.96268730580405,0,0,0,1,1,0,0,0
"Yes","1","female",35,1,0,82.1708,"C",0,"Mrs",2,65.6344,0.43453128926866,1,0.4425276678287,0,1,0,0,0,0,1,0
"Yes","3","female",22,0,0,7.25,"S",0,"Miss",1,7.25,0.271173661724051,0.11046036834343,-0.534590915209605,0,0,0,1,1,0,0,0
"No","1","male",27,0,2,211.5,"C",1,"Mr",3,65.6344,0.334003518471978,1,-0.158776075579488,1,1,0,0,0,1,0,0
"No","3","male",20,0,0,4.0125,"C",0,"Mr",1,4.0125,0.246041719024881,0.0611341004107602,-0.684916851061652,1,1,0,0,0,1,0,0
"No","3","male",19,0,0,7.775,"S",0,"Mr",1,7.775,0.233475747675295,0.118459222602781,-0.760079818987675,1,0,0,1,0,1,0,0
"Yes","1","female",42,0,0,227.525,"C",0,"Miss",1,65.6344,0.522493088715758,1,0.968668443310863,0,1,0,0,1,0,0,0
"Yes","3","female",1,0,2,15.7417,"C",0,"Miss",3,15.7417,0.00728826338275949,0.239839169703692,-2.1130132416561,0,1,0,0,1,0,0,0
"No","3","male",32,0,0,7.925,"S",0,"Mr",1,7.925,0.396833375219904,0.120744609534025,0.217038764050629,1,0,0,1,0,1,0,0
"Yes","1","female",35,1,0,52,"S",0,"Mrs",2,52,0.43453128926866,0.792267469497702,0.4425276678287,0,0,0,1,0,0,1,0
"No","3","male",25,0,0,7.8958,"S",0,"Mr",1,7.8958,0.308871575772807,0.120299720878076,-0.309102011431534,1,0,0,1,0,1,0,0
"No","2","male",18,0,0,73.5,"S",0,"Mr",1,65.6344,0.22090977632571,1,-0.835242786913698,1,0,0,1,0,1,0,0
"No","3","male",1,5,2,46.9,"S",0,"Master",8,46.9,0.00728826338275949,0.714564313835428,-2.1130132416561,1,0,0,1,0,0,0,0
"Yes","2","female",36,0,0,13,"S",0,"Miss",1,13,0.447097260618246,0.198066867374426,0.517690635754723,0,0,0,1,1,0,0,0
"No","3","male",25,0,0,7.7292,"Q",0,"Mr",1,7.7292,0.308871575772807,0.117761417793108,-0.309102011431534,1,0,1,0,0,1,0,0
"Yes","2","female",17,0,0,12,"C",0,"Miss",1,12,0.208343804976125,0.18283095449947,-0.910405754839722,0,1,0,0,1,0,0,0
"Yes","1","male",36,1,2,120,"S",1,"Mr",4,65.6344,0.447097260618246,1,0.517690635754723,1,0,0,1,0,1,0,0
"Yes","3","male",21,0,0,7.7958,"S",0,"Mr",1,7.7958,0.258607690374466,0.118776129590581,-0.609753883135628,1,0,0,1,0,1,0,0
"No","3","male",28,2,0,7.925,"S",0,"Mr",3,7.925,0.346569489821563,0.120744609534025,-0.0836131076534643,1,0,0,1,0,1,0,0
"Yes","1","female",23,1,0,113.275,"C",1,"Miss",2,65.6344,0.283739633073637,1,-0.459427947283581,0,1,0,0,1,0,0,0
"Yes","3","female",24,0,2,16.7,"S",1,"Mrs",3,16.7,0.296305604423222,0.254439745011762,-0.384264979357558,0,0,0,1,0,0,1,0
"No","3","male",22,0,0,7.7958,"S",0,"Mr",1,7.7958,0.271173661724051,0.118776129590581,-0.534590915209605,1,0,0,1,0,1,0,0
"No","3","female",31,0,0,7.8542,"S",0,"Miss",1,7.8542,0.384267403870319,0.119665906902478,0.141875796124606,0,0,0,1,1,0,0,0
"No","2","male",46,0,0,26,"S",0,"Mr",1,26,0.572756974114099,0.396133734748851,1.26932031501496,1,0,0,1,0,1,0,0
"No","2","male",23,0,0,10.5,"S",0,"Rare",1,10.5,0.283739633073637,0.159977085187036,-0.459427947283581,1,0,0,1,0,0,0,1
"Yes","2","female",28,0,0,12.65,"S",0,"Mrs",1,12.65,0.346569489821563,0.192734297868191,-0.0836131076534643,0,0,0,1,0,0,1,0
"Yes","3","male",39,0,0,7.925,"S",0,"Mr",1,7.925,0.484795174667002,0.120744609534025,0.743179539532793,1,0,0,1,0,1,0,0
"No","3","male",26,0,0,8.05,"S",0,"Mr",1,8.05,0.321437547122393,0.122649098643394,-0.233939043505511,1,0,0,1,0,1,0,0
"No","3","female",21,1,0,9.825,"S",0,"Miss",2,9.825,0.258607690374466,0.149692843996441,-0.609753883135628,0,0,0,1,1,0,0,0
"No","3","male",28,1,0,15.85,"S",0,"Mr",2,15.85,0.346569489821563,0.24148921906805,-0.0836131076534643,1,0,0,1,0,1,0,0
"No","3","female",20,0,0,8.6625,"S",0,"Miss",1,8.6625,0.246041719024881,0.131981095279305,-0.684916851061652,0,0,0,1,1,0,0,0
"No","2","male",34,1,0,21,"S",0,"Mr",2,21,0.421965317919075,0.319954170374072,0.367364699902676,1,0,0,1,0,1,0,0
"No","3","male",51,0,0,7.75,"S",0,"Mr",1,7.75,0.635586830862026,0.118078324780908,1.64513515464507,1,0,0,1,0,1,0,0
"Yes","2","male",3,1,1,18.75,"S",0,"Master",3,18.75,0.0324202060819301,0.285673366405422,-1.96268730580405,1,0,0,1,0,0,0,0
"No","3","male",21,0,0,7.775,"S",0,"Mr",1,7.775,0.258607690374466,0.118459222602781,-0.609753883135628,1,0,0,1,0,1,0,0
"No","3","female",21.5,3,1,25.4667,"S",0,"Miss",5,25.4667,0.264890676049259,0.388008422412637,-0.572172399172616,0,0,0,1,1,0,0,0
"No","3","male",25,0,0,7.8958,"S",0,"Mr",1,7.8958,0.308871575772807,0.120299720878076,-0.309102011431534,1,0,0,1,0,1,0,0
"No","3","male",25,0,0,6.8583,"Q",0,"Mr",1,6.8583,0.308871575772807,0.104492461270309,-0.309102011431534,1,0,1,0,0,1,0,0
"Yes","1","female",33,1,0,90,"Q",1,"Miss",2,65.6344,0.40939934656949,1,0.292201731976653,0,0,1,0,1,0,0,0
"No","2","male",30,0,0,0,"S",0,"Mr",1,0,0.371701432520734,0,0.0667128281985825,1,0,0,1,0,1,0,0
"Yes","3","male",44,0,0,7.925,"S",0,"Mr",1,7.925,0.547625031414928,0.120744609534025,1.11899437916291,1,0,0,1,0,1,0,0
"No","3","female",21.5,0,0,8.05,"S",0,"Mrs",1,8.05,0.264890676049259,0.122649098643394,-0.572172399172616,0,0,0,1,0,0,1,0
"Yes","2","female",34,1,1,32.5,"S",0,"Mrs",3,32.5,0.421965317919075,0.495167168436064,0.367364699902676,0,0,0,1,0,0,1,0
"Yes","2","female",18,0,2,13,"S",0,"Miss",3,13,0.22090977632571,0.198066867374426,-0.835242786913698,0,0,0,1,1,0,0,0
"No","2","male",30,0,0,13,"S",0,"Mr",1,13,0.371701432520734,0.198066867374426,0.0667128281985825,1,0,0,1,0,1,0,0
"No","3","female",10,0,2,24.15,"S",0,"Miss",3,24.15,0.120382005529027,0.367947295930183,-1.43654653032189,0,0,0,1,1,0,0,0
"No","3","male",25,0,0,7.8958,"C",0,"Mr",1,7.8958,0.308871575772807,0.120299720878076,-0.309102011431534,1,1,0,0,0,1,0,0
"No","3","male",21,0,0,7.7333,"Q",0,"Mr",1,7.7333,0.258607690374466,0.117823885035896,-0.609753883135628,1,0,1,0,0,1,0,0
"No","3","male",29,0,0,7.875,"S",0,"Mr",1,7.875,0.359135461171149,0.119982813890277,-0.00845013972744087,1,0,0,1,0,1,0,0
"No","3","female",28,1,1,14.4,"S",0,"Mrs",3,14.4,0.346569489821563,0.219397145399364,-0.0836131076534643,0,0,0,1,0,0,1,0
"No","3","male",18,1,1,20.2125,"S",0,"Mr",3,20.2125,0.22090977632571,0.307955888985044,-0.835242786913698,1,0,0,1,0,1,0,0
"No","3","male",25,0,0,7.25,"S",0,"Mr",1,7.25,0.308871575772807,0.11046036834343,-0.309102011431534,1,0,0,1,0,1,0,0
"Yes","2","female",28,1,0,26,"S",0,"Mrs",2,26,0.346569489821563,0.396133734748851,-0.0836131076534643,0,0,0,1,0,0,1,0
"Yes","2","female",19,0,0,26,"S",0,"Miss",1,26,0.233475747675295,0.396133734748851,-0.760079818987675,0,0,0,1,1,0,0,0
"No","3","male",25,0,0,7.75,"Q",0,"Mr",1,7.75,0.308871575772807,0.118078324780908,-0.309102011431534,1,0,1,0,0,1,0,0
"Yes","3","male",32,0,0,8.05,"S",1,"Mr",1,8.05,0.396833375219904,0.122649098643394,0.217038764050629,1,0,0,1,0,1,0,0
"Yes","1","male",28,0,0,26.55,"S",1,"Mr",1,26.55,0.346569489821563,0.404513486830077,-0.0836131076534643,1,0,0,1,0,1,0,0
"Yes","3","female",21.5,1,0,16.1,"S",0,"Mrs",2,16.1,0.264890676049259,0.245298197286789,-0.572172399172616,0,0,0,1,0,0,1,0
"Yes","2","female",42,1,0,26,"S",0,"Mrs",2,26,0.522493088715758,0.396133734748851,0.968668443310863,0,0,0,1,0,0,1,0
"No","3","male",17,0,0,7.125,"S",0,"Mr",1,7.125,0.208343804976125,0.10855587923406,-0.910405754839722,1,0,0,1,0,1,0,0
"No","1","male",50,1,0,55.9,"S",1,"Mr",2,55.9,0.62302085951244,0.85168752971003,1.56997218671905,1,0,0,1,0,1,0,0
"Yes","1","female",14,1,2,120,"S",1,"Miss",4,65.6344,0.170645890927369,1,-1.13589465861779,0,0,0,1,1,0,0,0
"No","3","female",21,2,2,34.375,"S",0,"Miss",5,34.375,0.258607690374466,0.523734505076606,-0.609753883135628,0,0,0,1,1,0,0,0
"Yes","2","female",24,2,3,18.75,"S",0,"Mrs",6,18.75,0.296305604423222,0.285673366405422,-0.384264979357558,0,0,0,1,0,0,1,0
"No","1","male",64,1,4,263,"S",1,"Mr",6,65.6344,0.798944458406635,1,2.62225373768338,1,0,0,1,0,1,0,0
"No","2","male",31,0,0,10.5,"S",0,"Mr",1,10.5,0.384267403870319,0.159977085187036,0.141875796124606,1,0,0,1,0,1,0,0
"Yes","2","female",45,1,1,26.25,"S",0,"Mrs",3,26.25,0.560191002764514,0.39994271296759,1.19415734708893,0,0,0,1,0,0,1,0
"No","3","male",20,0,0,9.5,"S",0,"Mr",1,9.5,0.246041719024881,0.14474117231208,-0.684916851061652,1,0,0,1,0,1,0,0
"No","3","male",25,1,0,7.775,"S",0,"Mr",2,7.775,0.308871575772807,0.118459222602781,-0.309102011431534,1,0,0,1,0,1,0,0
"Yes","2","female",28,0,0,13,"S",0,"Miss",1,13,0.346569489821563,0.198066867374426,-0.0836131076534643,0,0,0,1,1,0,0,0
"Yes","3","male",25,0,0,8.1125,"S",0,"Mr",1,8.1125,0.308871575772807,0.123601343198079,-0.309102011431534,1,0,0,1,0,1,0,0
"Yes","1","male",4,0,2,81.8583,"S",1,"Master",3,65.6344,0.0449861774315155,1,-1.88752433787803,1,0,0,1,0,0,0,0
"Yes","2","female",13,0,1,19.5,"S",0,"Miss",2,19.5,0.158079919577783,0.297100301061638,-1.21105762654382,0,0,0,1,1,0,0,0
"Yes","1","male",34,0,0,26.55,"S",0,"Mr",1,26.55,0.421965317919075,0.404513486830077,0.367364699902676,1,0,0,1,0,1,0,0
"Yes","3","female",5,2,1,19.2583,"C",0,"Miss",4,19.2583,0.0575521487811008,0.293417780919762,-1.812361369952,0,1,0,0,1,0,0,0
"Yes","1","male",52,0,0,30.5,"S",1,"Rare",1,30.5,0.648152802211611,0.464695342686152,1.7202981225711,1,0,0,1,0,0,0,1
"No","2","male",36,1,2,27.75,"S",0,"Mr",4,27.75,0.447097260618246,0.422796582280024,0.517690635754723,1,0,0,1,0,1,0,0
"No","3","male",25,1,0,19.9667,"S",0,"Mr",2,19.9667,0.308871575772807,0.30421090160038,-0.309102011431534,1,0,0,1,0,1,0,0
"No","1","male",30,0,0,27.75,"C",1,"Mr",1,27.75,0.371701432520734,0.422796582280024,0.0667128281985825,1,1,0,0,0,1,0,0
"Yes","1","male",49,1,0,89.1042,"C",1,"Mr",2,65.6344,0.610454888162855,1,1.49480921879303,1,1,0,0,0,1,0,0
"No","3","male",25,0,0,8.05,"S",0,"Mr",1,8.05,0.308871575772807,0.122649098643394,-0.309102011431534,1,0,0,1,0,1,0,0
"Yes","3","male",29,0,0,7.8958,"C",0,"Mr",1,7.8958,0.359135461171149,0.120299720878076,-0.00845013972744087,1,1,0,0,0,1,0,0
"No","1","male",65,0,0,26.55,"S",1,"Mr",1,26.55,0.81151042975622,0.404513486830077,2.6974167056094,1,0,0,1,0,1,0,0
"Yes","1","female",35,1,0,51.8625,"S",1,"Mrs",2,51.8625,0.43453128926866,0.790172531477396,0.4425276678287,0,0,0,1,0,0,1,0
"Yes","2","female",50,0,0,10.5,"S",0,"Miss",1,10.5,0.62302085951244,0.159977085187036,1.56997218671905,0,0,0,1,1,0,0,0
"No","3","male",25,0,0,7.75,"Q",0,"Mr",1,7.75,0.308871575772807,0.118078324780908,-0.309102011431534,1,0,1,0,0,1,0,0
"Yes","1","male",48,0,0,26.55,"S",1,"Mr",1,26.55,0.59788891681327,0.404513486830077,1.419646250867,1,0,0,1,0,1,0,0
"No","3","male",34,0,0,8.05,"S",0,"Mr",1,8.05,0.421965317919075,0.122649098643394,0.367364699902676,1,0,0,1,0,1,0,0
"No","1","male",47,0,0,38.5,"S",1,"Mr",1,38.5,0.585322945463684,0.586582645685799,1.34448328294098,1,0,0,1,0,1,0,0
"No","2","male",48,0,0,13,"S",0,"Mr",1,13,0.59788891681327,0.198066867374426,1.419646250867,1,0,0,1,0,1,0,0
"No","3","male",25,0,0,8.05,"S",0,"Mr",1,8.05,0.308871575772807,0.122649098643394,-0.309102011431534,1,0,0,1,0,1,0,0
"No","3","male",38,0,0,7.05,"S",0,"Mr",1,7.05,0.472229203317416,0.107413185768439,0.66801657160677,1,0,0,1,0,1,0,0
"No","2","male",30,0,0,0,"S",0,"Mr",1,0,0.371701432520734,0,0.0667128281985825,1,0,0,1,0,1,0,0
"No","1","male",56,0,0,26.55,"S",0,"Mr",1,26.55,0.698416687609952,0.404513486830077,2.02094999427519,1,0,0,1,0,1,0,0
"No","3","male",25,0,0,7.725,"Q",0,"Mr",1,7.725,0.308871575772807,0.117697426959034,-0.309102011431534,1,0,1,0,0,1,0,0
"Yes","3","female",0.75,2,1,19.2583,"C",0,"Miss",4,19.2583,0.00414677054536316,0.293417780919762,-2.1318039836376,0,1,0,0,1,0,0,0
"No","3","male",25,0,0,7.25,"S",0,"Mr",1,7.25,0.308871575772807,0.11046036834343,-0.309102011431534,1,0,0,1,0,1,0,0
"No","3","male",38,0,0,8.6625,"S",0,"Mr",1,8.6625,0.472229203317416,0.131981095279305,0.66801657160677,1,0,0,1,0,1,0,0
"Yes","2","female",33,1,2,27.75,"S",0,"Mrs",4,27.75,0.40939934656949,0.422796582280024,0.292201731976653,0,0,0,1,0,0,1,0
"Yes","2","female",23,0,0,13.7917,"C",1,"Mrs",1,13.7917,0.283739633073637,0.210129139597528,-0.459427947283581,0,1,0,0,0,0,1,0
"No","3","female",22,0,0,9.8375,"S",0,"Miss",1,9.8375,0.271173661724051,0.149883292907378,-0.534590915209605,0,0,0,1,1,0,0,0
"No","1","male",40,0,0,52,"S",1,"Mr",1,52,0.497361146016587,0.792267469497702,0.818342507458817,1,0,0,1,0,1,0,0
"No","2","male",34,1,0,21,"S",0,"Mr",2,21,0.421965317919075,0.319954170374072,0.367364699902676,1,0,0,1,0,1,0,0
"No","3","male",29,1,0,7.0458,"S",0,"Mr",2,7.0458,0.359135461171149,0.107349194934364,-0.00845013972744087,1,0,0,1,0,1,0,0
"No","3","male",22,0,0,7.5208,"S",0,"Mr",1,7.5208,0.271173661724051,0.114586253549968,-0.534590915209605,1,0,0,1,0,1,0,0
"Yes","3","female",2,0,1,12.2875,"S",0,"Miss",2,12.2875,0.0198542347323448,0.18721127945102,-2.03785027373007,0,0,0,1,1,0,0,0
"No","3","male",9,5,2,46.9,"S",0,"Master",8,46.9,0.107816034179442,0.714564313835428,-1.51170949824791,1,0,0,1,0,0,0,0
"No","2","male",30,0,0,0,"S",0,"Mr",1,0,0.371701432520734,0,0.0667128281985825,1,0,0,1,0,1,0,0
"No","3","male",50,0,0,8.05,"S",0,"Mr",1,8.05,0.62302085951244,0.122649098643394,1.56997218671905,1,0,0,1,0,1,0,0
"Yes","3","female",63,0,0,9.5875,"S",0,"Mrs",1,9.5875,0.786378487057049,0.146074314688639,2.54709076975736,0,0,0,1,0,0,1,0
"Yes","1","male",25,1,0,91.0792,"C",1,"Mr",2,65.6344,0.308871575772807,1,-0.309102011431534,1,1,0,0,0,1,0,0
"No","3","female",21.5,3,1,25.4667,"S",0,"Miss",5,25.4667,0.264890676049259,0.388008422412637,-0.572172399172616,0,0,0,1,1,0,0,0
"Yes","1","female",35,1,0,90,"S",1,"Mrs",2,65.6344,0.43453128926866,1,0.4425276678287,0,0,0,1,0,0,1,0
"No","1","male",58,0,0,29.7,"C",1,"Mr",1,29.7,0.723548630309123,0.452506612386188,2.17127593012724,1,1,0,0,0,1,0,0
"No","3","male",30,0,0,8.05,"S",0,"Mr",1,8.05,0.371701432520734,0.122649098643394,0.0667128281985825,1,0,0,1,0,1,0,0
"Yes","3","male",9,1,1,15.9,"S",0,"Master",3,15.9,0.107816034179442,0.242251014711797,-1.51170949824791,1,0,0,1,0,0,0,0
"No","3","male",25,1,0,19.9667,"S",0,"Mr",2,19.9667,0.308871575772807,0.30421090160038,-0.309102011431534,1,0,0,1,0,1,0,0
"No","3","male",21,0,0,7.25,"S",0,"Mr",1,7.25,0.258607690374466,0.11046036834343,-0.609753883135628,1,0,0,1,0,1,0,0
"No","1","male",55,0,0,30.5,"S",1,"Mr",1,30.5,0.685850716260367,0.464695342686152,1.94578702634917,1,0,0,1,0,1,0,0
"No","1","male",71,0,0,49.5042,"C",0,"Mr",1,49.5042,0.886906257853732,0.754241678144388,3.14839451316554,1,1,0,0,0,1,0,0
"No","3","male",21,0,0,8.05,"S",0,"Mr",1,8.05,0.258607690374466,0.122649098643394,-0.609753883135628,1,0,0,1,0,1,0,0
"No","3","male",25,0,0,14.4583,"C",0,"Mr",1,14.4583,0.308871575772807,0.220285399119974,-0.309102011431534,1,1,0,0,0,1,0,0
"Yes","1","female",54,1,0,78.2667,"C",1,"Miss",2,65.6344,0.673284744910782,1,1.87062405842314,0,1,0,0,1,0,0,0
"No","3","male",25,0,0,15.1,"S",0,"Mr",1,15.1,0.308871575772807,0.230062284411833,-0.309102011431534,1,0,0,1,0,1,0,0
"No","1","female",25,1,2,151.55,"S",1,"Mrs",4,65.6344,0.308871575772807,1,-0.309102011431534,0,0,0,1,0,0,1,0
"No","3","male",24,0,0,7.7958,"S",0,"Mr",1,7.7958,0.296305604423222,0.118776129590581,-0.384264979357558,1,0,0,1,0,1,0,0
"No","3","male",17,0,0,8.6625,"S",0,"Mr",1,8.6625,0.208343804976125,0.131981095279305,-0.910405754839722,1,0,0,1,0,1,0,0
"No","3","female",21,0,0,7.75,"Q",0,"Miss",1,7.75,0.258607690374466,0.118078324780908,-0.609753883135628,0,0,1,0,1,0,0,0
"No","3","female",21.5,0,0,7.6292,"Q",0,"Miss",1,7.6292,0.264890676049259,0.116237826505613,-0.572172399172616,0,0,1,0,1,0,0,0
"No","3","female",37,0,0,9.5875,"S",0,"Miss",1,9.5875,0.459663231967831,0.146074314688639,0.592853603680746,0,0,0,1,1,0,0,0
"Yes","1","female",16,0,0,86.5,"S",1,"Miss",1,65.6344,0.195777833626539,1,-0.985568722765745,0,0,0,1,1,0,0,0
"No","1","male",18,1,0,108.9,"C",1,"Mr",2,65.6344,0.22090977632571,1,-0.835242786913698,1,1,0,0,0,1,0,0
"Yes","2","female",33,0,2,26,"S",0,"Mrs",3,26,0.40939934656949,0.396133734748851,0.292201731976653,0,0,0,1,0,0,1,0
"Yes","1","male",40,0,0,26.55,"S",0,"Mr",1,26.55,0.497361146016587,0.404513486830077,0.818342507458817,1,0,0,1,0,1,0,0
"No","3","male",28,0,0,22.525,"S",0,"Mr",1,22.525,0.346569489821563,0.34318893750838,-0.0836131076534643,1,0,0,1,0,1,0,0
"Yes","3","male",26,0,0,56.4958,"S",0,"Mr",1,56.4958,0.321437547122393,0.860765086600929,-0.233939043505511,1,0,0,1,0,1,0,0
"Yes","3","male",29,0,0,7.75,"Q",0,"Mr",1,7.75,0.359135461171149,0.118078324780908,-0.00845013972744087,1,0,1,0,0,1,0,0
"No","3","male",25,0,0,8.05,"S",0,"Mr",1,8.05,0.308871575772807,0.122649098643394,-0.309102011431534,1,0,0,1,0,1,0,0
"Yes","1","male",36,0,0,26.2875,"S",1,"Mr",1,26.2875,0.447097260618246,0.400514059700401,0.517690635754723,1,0,0,1,0,1,0,0
"Yes","1","female",54,1,0,59.4,"C",0,"Mrs",2,59.4,0.673284744910782,0.905013224772375,1.87062405842314,0,1,0,0,0,0,1,0
"No","3","male",24,0,0,7.4958,"S",0,"Mr",1,7.4958,0.296305604423222,0.114205355728094,-0.384264979357558,1,0,0,1,0,1,0,0
"No","1","male",47,0,0,34.0208,"S",1,"Mr",1,34.0208,0.585322945463684,0.518337944736297,1.34448328294098,1,0,0,1,0,1,0,0
"Yes","2","female",34,0,0,10.5,"S",1,"Mrs",1,10.5,0.421965317919075,0.159977085187036,0.367364699902676,0,0,0,1,0,0,1,0
"No","3","male",25,0,0,24.15,"Q",0,"Mr",1,24.15,0.308871575772807,0.367947295930183,-0.309102011431534,1,0,1,0,0,1,0,0
"Yes","2","female",36,1,0,26,"S",0,"Mrs",2,26,0.447097260618246,0.396133734748851,0.517690635754723,0,0,0,1,0,0,1,0
"No","3","male",32,0,0,7.8958,"S",0,"Mr",1,7.8958,0.396833375219904,0.120299720878076,0.217038764050629,1,0,0,1,0,1,0,0
"Yes","1","female",30,0,0,93.5,"S",1,"Miss",1,65.6344,0.371701432520734,1,0.0667128281985825,0,0,0,1,1,0,0,0
"No","3","male",22,0,0,7.8958,"S",0,"Mr",1,7.8958,0.271173661724051,0.120299720878076,-0.534590915209605,1,0,0,1,0,1,0,0
"No","3","male",25,0,0,7.225,"C",0,"Mr",1,7.225,0.308871575772807,0.110079470521556,-0.309102011431534,1,1,0,0,0,1,0,0
"Yes","1","female",44,0,1,57.9792,"C",1,"Mrs",2,57.9792,0.547625031414928,0.883366039759638,1.11899437916291,0,1,0,0,0,0,1,0
"No","3","male",25,0,0,7.2292,"C",0,"Mr",1,7.2292,0.308871575772807,0.110143461355631,-0.309102011431534,1,1,0,0,0,1,0,0
"No","3","male",40.5,0,0,7.75,"Q",0,"Mr",1,7.75,0.50364413169138,0.118078324780908,0.855923991421828,1,0,1,0,0,1,0,0
"Yes","2","female",50,0,0,10.5,"S",0,"Miss",1,10.5,0.62302085951244,0.159977085187036,1.56997218671905,0,0,0,1,1,0,0,0
"No","1","male",40,0,0,221.7792,"S",1,"Mr",1,65.6344,0.497361146016587,1,0.818342507458817,1,0,0,1,0,1,0,0
"No","3","male",39,0,0,7.925,"S",0,"Mr",1,7.925,0.484795174667002,0.120744609534025,0.743179539532793,1,0,0,1,0,1,0,0
"No","2","male",23,2,1,11.5,"S",0,"Mr",4,11.5,0.283739633073637,0.175212998061992,-0.459427947283581,1,0,0,1,0,1,0,0
"Yes","2","female",2,1,1,26,"S",0,"Miss",3,26,0.0198542347323448,0.396133734748851,-2.03785027373007,0,0,0,1,1,0,0,0
"No","3","male",25,0,0,7.2292,"C",0,"Mr",1,7.2292,0.308871575772807,0.110143461355631,-0.309102011431534,1,1,0,0,0,1,0,0
"No","3","male",17,1,1,7.2292,"C",0,"Mr",3,7.2292,0.208343804976125,0.110143461355631,-0.910405754839722,1,1,0,0,0,1,0,0
"Yes","3","female",21.5,0,2,22.3583,"C",0,"Mrs",3,22.3583,0.264890676049259,0.340649110832125,-0.572172399172616,0,1,0,0,0,0,1,0
"No","3","female",30,0,0,8.6625,"S",0,"Miss",1,8.6625,0.371701432520734,0.131981095279305,0.0667128281985825,0,0,0,1,1,0,0,0
"Yes","2","female",7,0,2,26.25,"S",0,"Miss",3,26.25,0.0826840914802714,0.39994271296759,-1.66203543409996,0,0,0,1,1,0,0,0
"No","1","male",45,0,0,26.55,"S",1,"Rare",1,26.55,0.560191002764514,0.404513486830077,1.19415734708893,1,0,0,1,0,0,0,1
"Yes","1","female",30,0,0,106.425,"C",0,"Miss",1,65.6344,0.371701432520734,1,0.0667128281985825,0,1,0,0,1,0,0,0
"No","3","male",25,0,0,14.5,"S",0,"Mr",1,14.5,0.308871575772807,0.220920736686859,-0.309102011431534,1,0,0,1,0,1,0,0
"Yes","1","female",22,0,2,49.5,"C",1,"Miss",3,49.5,0.271173661724051,0.754177687310313,-0.534590915209605,0,1,0,0,1,0,0,0
"Yes","1","female",36,0,2,71,"S",1,"Miss",3,65.6344,0.447097260618246,1,0.517690635754723,0,0,0,1,1,0,0,0
"No","3","female",9,4,2,31.275,"S",0,"Miss",7,31.275,0.107816034179442,0.476503175164243,-1.51170949824791,0,0,0,1,1,0,0,0
"No","3","female",11,4,2,31.275,"S",0,"Miss",7,31.275,0.132947976878613,0.476503175164243,-1.36138356239586,0,0,0,1,1,0,0,0
"Yes","2","male",32,1,0,26,"S",0,"Mr",2,26,0.396833375219904,0.396133734748851,0.217038764050629,1,0,0,1,0,1,0,0
"No","1","male",50,1,0,106.425,"C",1,"Mr",2,65.6344,0.62302085951244,1,1.56997218671905,1,1,0,0,0,1,0,0
"No","1","male",64,0,0,26,"S",0,"Mr",1,26,0.798944458406635,0.396133734748851,2.62225373768338,1,0,0,1,0,1,0,0
"Yes","2","female",19,1,0,26,"S",0,"Mrs",2,26,0.233475747675295,0.396133734748851,-0.760079818987675,0,0,0,1,0,0,1,0
"Yes","2","male",30,0,0,13.8625,"C",0,"Mr",1,13.8625,0.371701432520734,0.211207842229075,0.0667128281985825,1,1,0,0,0,1,0,0
"No","3","male",33,1,1,20.525,"S",0,"Mr",3,20.525,0.40939934656949,0.312717111758468,0.292201731976653,1,0,0,1,0,1,0,0
"Yes","2","male",8,1,1,36.75,"S",0,"Master",3,36.75,0.0952500628298567,0.559919798154626,-1.58687246617393,1,0,0,1,0,0,0,0
"Yes","1","male",17,0,2,110.8833,"C",1,"Mr",3,65.6344,0.208343804976125,1,-0.910405754839722,1,1,0,0,0,1,0,0
"No","2","male",27,0,0,26,"S",0,"Mr",1,26,0.334003518471978,0.396133734748851,-0.158776075579488,1,0,0,1,0,1,0,0
"No","3","male",25,0,0,7.8292,"Q",0,"Mr",1,7.8292,0.308871575772807,0.119285009080604,-0.309102011431534,1,0,1,0,0,1,0,0
"Yes","3","male",22,0,0,7.225,"C",0,"Mr",1,7.225,0.271173661724051,0.110079470521556,-0.534590915209605,1,1,0,0,0,1,0,0
"Yes","3","female",22,0,0,7.775,"S",0,"Miss",1,7.775,0.271173661724051,0.118459222602781,-0.534590915209605,0,0,0,1,1,0,0,0
"No","1","male",62,0,0,26.55,"S",0,"Mr",1,26.55,0.773812515707464,0.404513486830077,2.47192780183133,1,0,0,1,0,1,0,0
"Yes","1","female",48,1,0,39.6,"C",1,"Rare",2,39.6,0.59788891681327,0.60334214984825,1.419646250867,0,1,0,0,0,0,0,1
"No","1","male",40,0,0,227.525,"C",0,"Mr",1,65.6344,0.497361146016587,1,0.818342507458817,1,1,0,0,0,1,0,0
"Yes","1","female",39,1,1,79.65,"S",1,"Mrs",3,65.6344,0.484795174667002,1,0.743179539532793,0,0,0,1,0,0,1,0
"Yes","3","female",36,1,0,17.4,"S",0,"Mrs",2,17.4,0.447097260618246,0.265104884024231,0.517690635754723,0,0,0,1,0,0,1,0
"No","3","male",25,0,0,7.75,"Q",0,"Mr",1,7.75,0.308871575772807,0.118078324780908,-0.309102011431534,1,0,1,0,0,1,0,0
"No","3","male",40,0,0,7.8958,"S",0,"Mr",1,7.8958,0.497361146016587,0.120299720878076,0.818342507458817,1,0,0,1,0,1,0,0
"No","2","male",28,0,0,13.5,"S",0,"Mr",1,13.5,0.346569489821563,0.205684823811904,-0.0836131076534643,1,0,0,1,0,1,0,0
"No","3","male",25,0,0,8.05,"S",0,"Mr",1,8.05,0.308871575772807,0.122649098643394,-0.309102011431534,1,0,0,1,0,1,0,0
"No","3","female",21.5,0,0,8.05,"S",0,"Miss",1,8.05,0.264890676049259,0.122649098643394,-0.572172399172616,0,0,0,1,1,0,0,0
"No","3","male",24,2,0,24.15,"S",0,"Mr",3,24.15,0.296305604423222,0.367947295930183,-0.384264979357558,1,0,0,1,0,1,0,0
"No","3","male",19,0,0,7.8958,"S",0,"Mr",1,7.8958,0.233475747675295,0.120299720878076,-0.760079818987675,1,0,0,1,0,1,0,0
"No","3","female",29,0,4,21.075,"S",0,"Mrs",5,21.075,0.359135461171149,0.321096863839694,-0.00845013972744087,0,0,0,1,0,0,1,0
"No","3","male",25,0,0,7.2292,"C",0,"Mr",1,7.2292,0.308871575772807,0.110143461355631,-0.309102011431534,1,1,0,0,0,1,0,0
"Yes","3","male",32,0,0,7.8542,"S",0,"Mr",1,7.8542,0.396833375219904,0.119665906902478,0.217038764050629,1,0,0,1,0,1,0,0
"Yes","2","male",62,0,0,10.5,"S",0,"Mr",1,10.5,0.773812515707464,0.159977085187036,2.47192780183133,1,0,0,1,0,1,0,0
"Yes","1","female",53,2,0,51.4792,"S",1,"Mrs",3,51.4792,0.660718773561196,0.784332606072425,1.79546109049712,0,0,0,1,0,0,1,0
"Yes","1","male",36,0,0,26.3875,"S",1,"Mr",1,26.3875,0.447097260618246,0.402037650987897,0.517690635754723,1,0,0,1,0,1,0,0
"Yes","3","female",21.5,0,0,7.75,"Q",0,"Miss",1,7.75,0.264890676049259,0.118078324780908,-0.572172399172616,0,0,1,0,1,0,0,0
"No","3","male",16,0,0,8.05,"S",0,"Mr",1,8.05,0.195777833626539,0.122649098643394,-0.985568722765745,1,0,0,1,0,1,0,0
"No","3","male",19,0,0,14.5,"S",0,"Mr",1,14.5,0.233475747675295,0.220920736686859,-0.760079818987675,1,0,0,1,0,1,0,0
"Yes","2","female",34,0,0,13,"S",0,"Miss",1,13,0.421965317919075,0.198066867374426,0.367364699902676,0,0,0,1,1,0,0,0
"Yes","1","female",39,1,0,55.9,"S",1,"Mrs",2,55.9,0.484795174667002,0.85168752971003,0.743179539532793,0,0,0,1,0,0,1,0
"No","3","female",21.5,1,0,14.4583,"C",0,"Mrs",2,14.4583,0.264890676049259,0.220285399119974,-0.572172399172616,0,1,0,0,0,0,1,0
"Yes","3","male",32,0,0,7.925,"S",0,"Mr",1,7.925,0.396833375219904,0.120744609534025,0.217038764050629,1,0,0,1,0,1,0,0
"Yes","2","female",25,1,1,30,"S",0,"Miss",3,30,0.308871575772807,0.457077386248674,-0.309102011431534,0,0,0,1,1,0,0,0
"Yes","1","female",39,1,1,110.8833,"C",1,"Mrs",3,65.6344,0.484795174667002,1,0.743179539532793,0,1,0,0,0,0,1,0
"No","2","male",54,0,0,26,"S",0,"Mr",1,26,0.673284744910782,0.396133734748851,1.87062405842314,1,0,0,1,0,1,0,0
"No","1","male",36,0,0,40.125,"C",1,"Mr",1,40.125,0.447097260618246,0.611341004107602,0.517690635754723,1,1,0,0,0,1,0,0
"No","3","male",25,0,0,8.7125,"C",0,"Mr",1,8.7125,0.308871575772807,0.132742890923053,-0.309102011431534,1,1,0,0,0,1,0,0
"Yes","1","female",18,0,2,79.65,"S",1,"Miss",3,65.6344,0.22090977632571,1,-0.835242786913698,0,0,0,1,1,0,0,0
"No","2","male",47,0,0,15,"S",0,"Mr",1,15,0.585322945463684,0.228538693124337,1.34448328294098,1,0,0,1,0,1,0,0
"Yes","1","male",60,1,1,79.2,"C",1,"Mr",3,65.6344,0.748680573008293,1,2.32160186597928,1,1,0,0,0,1,0,0
"No","3","male",22,0,0,8.05,"S",0,"Mr",1,8.05,0.271173661724051,0.122649098643394,-0.534590915209605,1,0,0,1,0,1,0,0
"No","3","male",25,0,0,8.05,"S",0,"Mr",1,8.05,0.308871575772807,0.122649098643394,-0.309102011431534,1,0,0,1,0,1,0,0
"No","3","male",35,0,0,7.125,"S",0,"Mr",1,7.125,0.43453128926866,0.10855587923406,0.4425276678287,1,0,0,1,0,1,0,0
"Yes","1","female",52,1,0,78.2667,"C",1,"Mrs",2,65.6344,0.648152802211611,1,1.7202981225711,0,1,0,0,0,0,1,0
"No","3","male",47,0,0,7.25,"S",0,"Mr",1,7.25,0.585322945463684,0.11046036834343,1.34448328294098,1,0,0,1,0,1,0,0
"No","3","female",21.5,0,2,7.75,"Q",0,"Miss",3,7.75,0.264890676049259,0.118078324780908,-0.572172399172616,0,0,1,0,1,0,0,0
"No","2","male",37,1,0,26,"S",0,"Mr",2,26,0.459663231967831,0.396133734748851,0.592853603680746,1,0,0,1,0,1,0,0
"No","3","male",36,1,1,24.15,"S",0,"Mr",3,24.15,0.447097260618246,0.367947295930183,0.517690635754723,1,0,0,1,0,1,0,0
"Yes","2","female",28,0,0,33,"S",0,"Miss",1,33,0.346569489821563,0.502785124873542,-0.0836131076534643,0,0,0,1,1,0,0,0
"No","3","male",49,0,0,0,"S",0,"Mr",1,0,0.610454888162855,0,1.49480921879303,1,0,0,1,0,1,0,0
"No","3","male",25,0,0,7.225,"C",0,"Mr",1,7.225,0.308871575772807,0.110079470521556,-0.309102011431534,1,1,0,0,0,1,0,0
"Yes","1","male",49,1,0,56.9292,"C",1,"Rare",2,56.9292,0.610454888162855,0.867368331240935,1.49480921879303,1,1,0,0,0,0,0,1
"Yes","2","female",24,2,1,27,"S",0,"Mrs",4,27,0.296305604423222,0.411369647623807,-0.384264979357558,0,0,0,1,0,0,1,0
"No","3","male",25,0,0,7.8958,"S",0,"Mr",1,7.8958,0.308871575772807,0.120299720878076,-0.309102011431534,1,0,0,1,0,1,0,0
"No","1","male",40,0,0,42.4,"S",0,"Mr",1,42.4,0.497361146016587,0.646002705898127,0.818342507458817,1,0,0,1,0,1,0,0
"No","3","male",44,0,0,8.05,"S",0,"Mr",1,8.05,0.547625031414928,0.122649098643394,1.11899437916291,1,0,0,1,0,1,0,0
"Yes","1","male",35,0,0,26.55,"C",0,"Mr",1,26.55,0.43453128926866,0.404513486830077,0.4425276678287,1,1,0,0,0,1,0,0
"No","3","male",36,1,0,15.55,"S",0,"Mr",2,15.55,0.447097260618246,0.236918445205563,0.517690635754723,1,0,0,1,0,1,0,0
"No","3","male",30,0,0,7.8958,"S",0,"Mr",1,7.8958,0.371701432520734,0.120299720878076,0.0667128281985825,1,0,0,1,0,1,0,0
"Yes","1","male",27,0,0,30.5,"S",0,"Mr",1,30.5,0.334003518471978,0.464695342686152,-0.158776075579488,1,0,0,1,0,1,0,0
"Yes","2","female",22,1,2,41.5792,"C",0,"Mrs",4,41.5792,0.271173661724051,0.633497068610363,-0.534590915209605,0,1,0,0,0,0,1,0
"Yes","1","female",40,0,0,153.4625,"S",1,"Miss",1,65.6344,0.497361146016587,1,0.818342507458817,0,0,0,1,1,0,0,0
"No","3","female",39,1,5,31.275,"S",0,"Mrs",7,31.275,0.484795174667002,0.476503175164243,0.743179539532793,0,0,0,1,0,0,1,0
"No","3","male",25,0,0,7.05,"S",0,"Mr",1,7.05,0.308871575772807,0.107413185768439,-0.309102011431534,1,0,0,1,0,1,0,0
"Yes","3","female",21.5,1,0,15.5,"Q",0,"Miss",2,15.5,0.264890676049259,0.236156649561815,-0.572172399172616,0,0,1,0,1,0,0,0
"No","3","male",25,0,0,7.75,"Q",0,"Mr",1,7.75,0.308871575772807,0.118078324780908,-0.309102011431534,1,0,1,0,0,1,0,0
"No","3","male",35,0,0,8.05,"S",0,"Mr",1,8.05,0.43453128926866,0.122649098643394,0.4425276678287,1,0,0,1,0,1,0,0
"Yes","2","female",24,1,2,65,"S",0,"Miss",4,65,0.296305604423222,0.990334336872128,-0.384264979357558,0,0,0,1,1,0,0,0
"No","3","male",34,1,1,14.4,"S",0,"Mr",3,14.4,0.421965317919075,0.219397145399364,0.367364699902676,1,0,0,1,0,1,0,0
"No","3","female",26,1,0,16.1,"S",0,"Mrs",2,16.1,0.321437547122393,0.245298197286789,-0.233939043505511,0,0,0,1,0,0,1,0
"Yes","2","female",4,2,1,39,"S",1,"Miss",4,39,0.0449861774315155,0.594200602123277,-1.88752433787803,0,0,0,1,1,0,0,0
"No","2","male",26,0,0,10.5,"S",0,"Mr",1,10.5,0.321437547122393,0.159977085187036,-0.233939043505511,1,0,0,1,0,1,0,0
"No","3","male",27,1,0,14.4542,"C",0,"Mr",2,14.4542,0.334003518471978,0.220222931877186,-0.158776075579488,1,1,0,0,0,1,0,0
"Yes","1","male",42,1,0,52.5542,"S",1,"Mr",2,52.5542,0.522493088715758,0.800711212413003,0.968668443310863,1,0,0,1,0,1,0,0
"Yes","3","male",20,1,1,15.7417,"C",0,"Mr",3,15.7417,0.246041719024881,0.239839169703692,-0.684916851061652,1,1,0,0,0,1,0,0
"No","3","male",21,0,0,7.8542,"S",0,"Mr",1,7.8542,0.258607690374466,0.119665906902478,-0.609753883135628,1,0,0,1,0,1,0,0
"No","3","male",21,0,0,16.1,"S",0,"Mr",1,16.1,0.258607690374466,0.245298197286789,-0.609753883135628,1,0,0,1,0,1,0,0
"No","1","male",61,0,0,32.3208,"S",1,"Mr",1,32.3208,0.761246544357879,0.492436892848872,2.39676483390531,1,0,0,1,0,1,0,0
"No","2","male",57,0,0,12.35,"Q",0,"Rare",1,12.35,0.710982658959538,0.188163524005704,2.09611296220121,1,0,1,0,0,0,0,1
"Yes","1","female",21,0,0,77.9583,"S",1,"Miss",1,65.6344,0.258607690374466,1,-0.609753883135628,0,0,0,1,1,0,0,0
"No","3","male",26,0,0,7.8958,"S",0,"Mr",1,7.8958,0.321437547122393,0.120299720878076,-0.233939043505511,1,0,0,1,0,1,0,0
"No","3","male",25,0,0,7.7333,"Q",0,"Mr",1,7.7333,0.308871575772807,0.117823885035896,-0.309102011431534,1,0,1,0,0,1,0,0
"Yes","1","male",80,0,0,30,"S",1,"Mr",1,30,1,0.457077386248674,3.82486122449975,1,0,0,1,0,1,0,0
"No","3","male",51,0,0,7.0542,"S",0,"Mr",1,7.0542,0.635586830862026,0.107477176602513,1.64513515464507,1,0,0,1,0,1,0,0
"Yes","1","male",32,0,0,30.5,"C",1,"Rare",1,30.5,0.396833375219904,0.464695342686152,0.217038764050629,1,1,0,0,0,0,0,1
"No","1","male",40,0,0,0,"S",0,"Mr",1,0,0.497361146016587,0,0.818342507458817,1,0,0,1,0,1,0,0
"No","3","female",9,3,2,27.9,"S",0,"Miss",6,27.9,0.107816034179442,0.425081969211267,-1.51170949824791,0,0,0,1,1,0,0,0
"Yes","2","female",28,0,0,13,"S",0,"Miss",1,13,0.346569489821563,0.198066867374426,-0.0836131076534643,0,0,0,1,1,0,0,0
"No","3","male",32,0,0,7.925,"S",0,"Mr",1,7.925,0.396833375219904,0.120744609534025,0.217038764050629,1,0,0,1,0,1,0,0
"No","2","male",31,1,1,26.25,"S",0,"Mr",3,26.25,0.384267403870319,0.39994271296759,0.141875796124606,1,0,0,1,0,1,0,0
"No","3","female",41,0,5,39.6875,"S",0,"Mrs",6,39.6875,0.509927117366172,0.604675292224809,0.89350547538484,0,0,0,1,0,0,1,0
"No","3","male",25,1,0,16.1,"S",0,"Mr",2,16.1,0.308871575772807,0.245298197286789,-0.309102011431534,1,0,0,1,0,1,0,0
"No","3","male",20,0,0,7.8542,"S",0,"Mr",1,7.8542,0.246041719024881,0.119665906902478,-0.684916851061652,1,0,0,1,0,1,0,0
"Yes","1","female",24,0,0,69.3,"C",1,"Miss",1,65.6344,0.296305604423222,1,-0.384264979357558,0,1,0,0,1,0,0,0
"No","3","female",2,3,2,27.9,"S",0,"Miss",6,27.9,0.0198542347323448,0.425081969211267,-2.03785027373007,0,0,0,1,1,0,0,0
"Yes","3","male",25,0,0,56.4958,"S",0,"Mr",1,56.4958,0.308871575772807,0.860765086600929,-0.309102011431534,1,0,0,1,0,1,0,0
"Yes","3","female",0.75,2,1,19.2583,"C",0,"Miss",4,19.2583,0.00414677054536316,0.293417780919762,-2.1318039836376,0,1,0,0,1,0,0,0
"Yes","1","male",48,1,0,76.7292,"C",1,"Mr",2,65.6344,0.59788891681327,1,1.419646250867,1,1,0,0,0,1,0,0
"No","3","male",19,0,0,7.8958,"S",0,"Mr",1,7.8958,0.233475747675295,0.120299720878076,-0.760079818987675,1,0,0,1,0,1,0,0
"Yes","1","male",56,0,0,35.5,"C",1,"Rare",1,35.5,0.698416687609952,0.540874907060931,2.02094999427519,1,1,0,0,0,0,0,1
"No","3","male",25,0,0,7.55,"S",0,"Mr",1,7.55,0.308871575772807,0.115031142205916,-0.309102011431534,1,0,0,1,0,1,0,0
"Yes","3","female",23,0,0,7.55,"S",0,"Miss",1,7.55,0.283739633073637,0.115031142205916,-0.459427947283581,0,0,0,1,1,0,0,0
"No","3","male",25,0,0,7.8958,"S",0,"Mr",1,7.8958,0.308871575772807,0.120299720878076,-0.309102011431534,1,0,0,1,0,1,0,0
"Yes","2","female",18,0,1,23,"S",0,"Miss",2,23,0.22090977632571,0.350425996123984,-0.835242786913698,0,0,0,1,1,0,0,0
"No","3","male",21,0,0,8.4333,"S",0,"Mr",1,8.4333,0.258607690374466,0.128489024048365,-0.609753883135628,1,0,0,1,0,1,0,0
"Yes","3","female",21.5,0,0,7.8292,"Q",0,"Miss",1,7.8292,0.264890676049259,0.119285009080604,-0.572172399172616,0,0,1,0,1,0,0,0
"No","3","female",18,0,0,6.75,"Q",0,"Miss",1,6.75,0.22090977632571,0.102842411905952,-0.835242786913698,0,0,1,0,1,0,0,0
"No","2","male",24,2,0,73.5,"S",0,"Mr",3,65.6344,0.296305604423222,1,-0.384264979357558,1,0,0,1,0,1,0,0
"No","3","male",25,0,0,7.8958,"S",0,"Mr",1,7.8958,0.308871575772807,0.120299720878076,-0.309102011431534,1,0,0,1,0,1,0,0
"No","3","female",32,1,1,15.5,"Q",0,"Mrs",3,15.5,0.396833375219904,0.236156649561815,0.217038764050629,0,0,1,0,0,0,1,0
"No","2","male",23,0,0,13,"S",0,"Mr",1,13,0.283739633073637,0.198066867374426,-0.459427947283581,1,0,0,1,0,1,0,0
"No","1","male",58,0,2,113.275,"C",1,"Mr",3,65.6344,0.723548630309123,1,2.17127593012724,1,1,0,0,0,1,0,0
"Yes","1","male",50,2,0,133.65,"S",0,"Rare",3,65.6344,0.62302085951244,1,1.56997218671905,1,0,0,1,0,0,0,1
"No","3","male",40,0,0,7.225,"C",0,"Mr",1,7.225,0.497361146016587,0.110079470521556,0.818342507458817,1,1,0,0,0,1,0,0
"No","1","male",47,0,0,25.5875,"S",1,"Mr",1,25.5875,0.585322945463684,0.389848920687932,1.34448328294098,1,0,0,1,0,1,0,0
"No","3","male",36,0,0,7.4958,"S",0,"Mr",1,7.4958,0.447097260618246,0.114205355728094,0.517690635754723,1,0,0,1,0,1,0,0
"Yes","3","male",20,1,0,7.925,"S",0,"Mr",2,7.925,0.246041719024881,0.120744609534025,-0.684916851061652,1,0,0,1,0,1,0,0
"No","2","male",32,2,0,73.5,"S",0,"Mr",3,65.6344,0.396833375219904,1,0.217038764050629,1,0,0,1,0,1,0,0
"No","2","male",25,0,0,13,"S",0,"Mr",1,13,0.308871575772807,0.198066867374426,-0.309102011431534,1,0,0,1,0,1,0,0
"No","3","male",25,0,0,7.775,"S",0,"Mr",1,7.775,0.308871575772807,0.118459222602781,-0.309102011431534,1,0,0,1,0,1,0,0
"No","3","male",43,0,0,8.05,"S",0,"Mr",1,8.05,0.535059060065343,0.122649098643394,1.04383141123689,1,0,0,1,0,1,0,0
"Yes","1","female",35,1,0,52,"S",1,"Mrs",2,52,0.43453128926866,0.792267469497702,0.4425276678287,0,0,0,1,0,0,1,0
"Yes","2","female",40,1,1,39,"S",0,"Mrs",3,39,0.497361146016587,0.594200602123277,0.818342507458817,0,0,0,1,0,0,1,0
"No","1","male",31,1,0,52,"S",1,"Mr",2,52,0.384267403870319,0.792267469497702,0.141875796124606,1,0,0,1,0,1,0,0
"No","2","male",70,0,0,10.5,"S",0,"Mr",1,10.5,0.874340286504147,0.159977085187036,3.07323154523952,1,0,0,1,0,1,0,0
"Yes","2","male",31,0,0,13,"S",0,"Mr",1,13,0.384267403870319,0.198066867374426,0.141875796124606,1,0,0,1,0,1,0,0
"No","2","male",30,0,0,0,"S",0,"Mr",1,0,0.371701432520734,0,0.0667128281985825,1,0,0,1,0,1,0,0
"No","3","male",18,0,0,7.775,"S",0,"Mr",1,7.775,0.22090977632571,0.118459222602781,-0.835242786913698,1,0,0,1,0,1,0,0
"No","3","male",24.5,0,0,8.05,"S",0,"Mr",1,8.05,0.302588590098015,0.122649098643394,-0.346683495394546,1,0,0,1,0,1,0,0
"Yes","3","female",18,0,0,9.8417,"S",0,"Miss",1,9.8417,0.22090977632571,0.149947283741453,-0.835242786913698,0,0,0,1,1,0,0,0
"No","3","female",43,1,6,46.9,"S",0,"Mrs",8,46.9,0.535059060065343,0.714564313835428,1.04383141123689,0,0,0,1,0,0,1,0
"Yes","1","male",36,0,1,512.3292,"C",1,"Mr",2,65.6344,0.447097260618246,1,0.517690635754723,1,1,0,0,0,1,0,0
"No","3","female",21.5,0,0,8.1375,"Q",0,"Miss",1,8.1375,0.264890676049259,0.123982241019953,-0.572172399172616,0,0,1,0,1,0,0,0
"Yes","1","male",27,0,0,76.7292,"C",1,"Mr",1,65.6344,0.334003518471978,1,-0.158776075579488,1,1,0,0,0,1,0,0
"No","3","male",20,0,0,9.225,"S",0,"Mr",1,9.225,0.246041719024881,0.140551296271467,-0.684916851061652,1,0,0,1,0,1,0,0
"No","3","male",14,5,2,46.9,"S",0,"Mr",8,46.9,0.170645890927369,0.714564313835428,-1.13589465861779,1,0,0,1,0,1,0,0
"No","2","male",60,1,1,39,"S",0,"Mr",3,39,0.748680573008293,0.594200602123277,2.32160186597928,1,0,0,1,0,1,0,0
"No","2","male",25,1,2,41.5792,"C",0,"Mr",4,41.5792,0.308871575772807,0.633497068610363,-0.309102011431534,1,1,0,0,0,1,0,0
"No","3","male",14,4,1,39.6875,"S",0,"Mr",6,39.6875,0.170645890927369,0.604675292224809,-1.13589465861779,1,0,0,1,0,1,0,0
"No","3","male",19,0,0,10.1708,"S",0,"Mr",1,10.1708,0.233475747675295,0.154961422668601,-0.760079818987675,1,0,0,1,0,1,0,0
"No","3","male",18,0,0,7.7958,"S",0,"Mr",1,7.7958,0.22090977632571,0.118776129590581,-0.835242786913698,1,0,0,1,0,1,0,0
"Yes","1","female",15,0,1,211.3375,"S",1,"Miss",2,65.6344,0.183211862276954,1,-1.06073169069177,0,0,0,1,1,0,0,0
"Yes","1","male",31,1,0,57,"S",1,"Mr",2,57,0.384267403870319,0.868447033872482,0.141875796124606,1,0,0,1,0,1,0,0
"Yes","3","female",4,0,1,13.4167,"C",0,"Miss",2,13.4167,0.0449861774315155,0.20441567226942,-1.88752433787803,0,1,0,0,1,0,0,0
"Yes","3","male",25,0,0,56.4958,"S",0,"Mr",1,56.4958,0.308871575772807,0.860765086600929,-0.309102011431534,1,0,0,1,0,1,0,0
"No","3","male",25,0,0,7.225,"C",0,"Mr",1,7.225,0.308871575772807,0.110079470521556,-0.309102011431534,1,1,0,0,0,1,0,0
"No","1","male",60,0,0,26.55,"S",0,"Rare",1,26.55,0.748680573008293,0.404513486830077,2.32160186597928,1,0,0,1,0,0,0,1
"No","2","male",52,0,0,13.5,"S",0,"Mr",1,13.5,0.648152802211611,0.205684823811904,1.7202981225711,1,0,0,1,0,1,0,0
"No","3","male",44,0,0,8.05,"S",0,"Mr",1,8.05,0.547625031414928,0.122649098643394,1.11899437916291,1,0,0,1,0,1,0,0
"Yes","3","female",21.5,0,0,7.7333,"Q",0,"Miss",1,7.7333,0.264890676049259,0.117823885035896,-0.572172399172616,0,0,1,0,1,0,0,0
"No","1","male",49,1,1,110.8833,"C",1,"Mr",3,65.6344,0.610454888162855,1,1.49480921879303,1,1,0,0,0,1,0,0
"No","3","male",42,0,0,7.65,"S",1,"Mr",1,7.65,0.522493088715758,0.116554733493412,0.968668443310863,1,0,0,1,0,1,0,0
"Yes","1","female",18,1,0,227.525,"C",1,"Mrs",2,65.6344,0.22090977632571,1,-0.835242786913698,0,1,0,0,0,0,1,0
"Yes","1","male",35,0,0,26.2875,"S",1,"Mr",1,26.2875,0.43453128926866,0.400514059700401,0.4425276678287,1,0,0,1,0,1,0,0
"No","3","female",18,0,1,14.4542,"C",0,"Miss",2,14.4542,0.22090977632571,0.220222931877186,-0.835242786913698,0,1,0,0,1,0,0,0
"No","3","male",25,0,0,7.7417,"Q",0,"Mr",1,7.7417,0.308871575772807,0.117951866704045,-0.309102011431534,1,0,1,0,0,1,0,0
"No","3","male",26,1,0,7.8542,"S",0,"Mr",2,7.8542,0.321437547122393,0.119665906902478,-0.233939043505511,1,0,0,1,0,1,0,0
"No","2","male",39,0,0,26,"S",0,"Mr",1,26,0.484795174667002,0.396133734748851,0.743179539532793,1,0,0,1,0,1,0,0
"Yes","2","female",45,0,0,13.5,"S",0,"Mrs",1,13.5,0.560191002764514,0.205684823811904,1.19415734708893,0,0,0,1,0,0,1,0
"Yes","1","male",42,0,0,26.2875,"S",1,"Mr",1,26.2875,0.522493088715758,0.400514059700401,0.968668443310863,1,0,0,1,0,1,0,0
"Yes","1","female",22,0,0,151.55,"S",0,"Miss",1,65.6344,0.271173661724051,1,-0.534590915209605,0,0,0,1,1,0,0,0
"Yes","3","male",25,1,1,15.2458,"C",0,"Master",3,15.2458,0.308871575772807,0.232283680509001,-0.309102011431534,1,1,0,0,0,0,0,0
"Yes","1","female",24,0,0,49.5042,"C",1,"Miss",1,49.5042,0.296305604423222,0.754241678144388,-0.384264979357558,0,1,0,0,1,0,0,0
"No","1","male",40,0,0,26.55,"S",1,"Mr",1,26.55,0.497361146016587,0.404513486830077,0.818342507458817,1,0,0,1,0,1,0,0
"Yes","1","male",48,1,0,52,"S",1,"Mr",2,52,0.59788891681327,0.792267469497702,1.419646250867,1,0,0,1,0,1,0,0
"No","3","male",29,0,0,9.4833,"S",0,"Mr",1,9.4833,0.359135461171149,0.144486732567068,-0.00845013972744087,1,0,0,1,0,1,0,0
"No","2","male",52,0,0,13,"S",0,"Mr",1,13,0.648152802211611,0.198066867374426,1.7202981225711,1,0,0,1,0,1,0,0
"No","3","male",19,0,0,7.65,"S",1,"Mr",1,7.65,0.233475747675295,0.116554733493412,-0.760079818987675,1,0,0,1,0,1,0,0
"Yes","1","female",38,0,0,227.525,"C",1,"Miss",1,65.6344,0.472229203317416,1,0.66801657160677,0,1,0,0,1,0,0,0
"Yes","2","female",27,0,0,10.5,"S",1,"Miss",1,10.5,0.334003518471978,0.159977085187036,-0.158776075579488,0,0,0,1,1,0,0,0
"No","3","male",25,0,0,15.5,"Q",0,"Mr",1,15.5,0.308871575772807,0.236156649561815,-0.309102011431534,1,0,1,0,0,1,0,0
"No","3","male",33,0,0,7.775,"S",0,"Mr",1,7.775,0.40939934656949,0.118459222602781,0.292201731976653,1,0,0,1,0,1,0,0
"Yes","2","female",6,0,1,33,"S",0,"Miss",2,33,0.0701181201306861,0.502785124873542,-1.73719840202598,0,0,0,1,1,0,0,0
"No","3","male",17,1,0,7.0542,"S",0,"Mr",2,7.0542,0.208343804976125,0.107477176602513,-0.910405754839722,1,0,0,1,0,1,0,0
"No","2","male",34,0,0,13,"S",0,"Mr",1,13,0.421965317919075,0.198066867374426,0.367364699902676,1,0,0,1,0,1,0,0
"No","2","male",50,0,0,13,"S",0,"Mr",1,13,0.62302085951244,0.198066867374426,1.56997218671905,1,0,0,1,0,1,0,0
"Yes","1","male",27,1,0,53.1,"S",1,"Mr",2,53.1,0.334003518471978,0.809026973660154,-0.158776075579488,1,0,0,1,0,1,0,0
"No","3","male",20,0,0,8.6625,"S",0,"Mr",1,8.6625,0.246041719024881,0.131981095279305,-0.684916851061652,1,0,0,1,0,1,0,0
"Yes","2","female",30,3,0,21,"S",0,"Mrs",4,21,0.371701432520734,0.319954170374072,0.0667128281985825,0,0,0,1,0,0,1,0
"Yes","3","female",21.5,0,0,7.7375,"Q",0,"Miss",1,7.7375,0.264890676049259,0.117887875869971,-0.572172399172616,0,0,1,0,1,0,0,0
"No","2","male",25,1,0,26,"S",0,"Mr",2,26,0.308871575772807,0.396133734748851,-0.309102011431534,1,0,0,1,0,1,0,0
"No","3","female",25,1,0,7.925,"S",0,"Miss",2,7.925,0.308871575772807,0.120744609534025,-0.309102011431534,0,0,0,1,1,0,0,0
"Yes","1","female",29,0,0,211.3375,"S",1,"Miss",1,65.6344,0.359135461171149,1,-0.00845013972744087,0,0,0,1,1,0,0,0
"No","3","male",11,0,0,18.7875,"C",0,"Mr",1,18.7875,0.132947976878613,0.286244713138232,-1.36138356239586,1,1,0,0,0,1,0,0
"No","2","male",30,0,0,0,"S",0,"Mr",1,0,0.371701432520734,0,0.0667128281985825,1,0,0,1,0,1,0,0
"No","2","male",23,0,0,13,"S",0,"Mr",1,13,0.283739633073637,0.198066867374426,-0.459427947283581,1,0,0,1,0,1,0,0
"No","2","male",23,0,0,13,"S",0,"Mr",1,13,0.283739633073637,0.198066867374426,-0.459427947283581,1,0,0,1,0,1,0,0
"No","3","male",28.5,0,0,16.1,"S",0,"Mr",1,16.1,0.352852475496356,0.245298197286789,-0.0460316236904526,1,0,0,1,0,1,0,0
"No","3","female",48,1,3,34.375,"S",0,"Mrs",5,34.375,0.59788891681327,0.523734505076606,1.419646250867,0,0,0,1,0,0,1,0
"Yes","1","male",35,0,0,512.3292,"C",1,"Mr",1,65.6344,0.43453128926866,1,0.4425276678287,1,1,0,0,0,1,0,0
"No","3","male",25,0,0,7.8958,"S",0,"Mr",1,7.8958,0.308871575772807,0.120299720878076,-0.309102011431534,1,0,0,1,0,1,0,0
"No","3","male",25,0,0,7.8958,"S",0,"Mr",1,7.8958,0.308871575772807,0.120299720878076,-0.309102011431534,1,0,0,1,0,1,0,0
"Yes","1","male",40,0,0,30,"S",1,"Mr",1,30,0.497361146016587,0.457077386248674,0.818342507458817,1,0,0,1,0,1,0,0
"No","1","male",36,1,0,78.85,"S",1,"Mr",2,65.6344,0.447097260618246,1,0.517690635754723,1,0,0,1,0,1,0,0
"Yes","1","female",21,2,2,262.375,"C",1,"Miss",5,65.6344,0.258607690374466,1,-0.609753883135628,0,1,0,0,1,0,0,0
"No","3","male",24,1,0,16.1,"S",0,"Mr",2,16.1,0.296305604423222,0.245298197286789,-0.384264979357558,1,0,0,1,0,1,0,0
"Yes","3","male",31,0,0,7.925,"S",0,"Mr",1,7.925,0.384267403870319,0.120744609534025,0.141875796124606,1,0,0,1,0,1,0,0
"No","1","male",70,1,1,71,"S",1,"Rare",3,65.6344,0.874340286504147,1,3.07323154523952,1,0,0,1,0,0,0,1
"No","3","male",16,1,1,20.25,"S",0,"Mr",3,20.25,0.195777833626539,0.308527235717855,-0.985568722765745,1,0,0,1,0,1,0,0
"Yes","2","female",30,0,0,13,"S",0,"Miss",1,13,0.371701432520734,0.198066867374426,0.0667128281985825,0,0,0,1,1,0,0,0
"No","1","male",19,1,0,53.1,"S",1,"Mr",2,53.1,0.233475747675295,0.809026973660154,-0.760079818987675,1,0,0,1,0,1,0,0
"No","3","male",31,0,0,7.75,"Q",0,"Mr",1,7.75,0.384267403870319,0.118078324780908,0.141875796124606,1,0,1,0,0,1,0,0
"Yes","2","female",4,1,1,23,"S",0,"Miss",3,23,0.0449861774315155,0.350425996123984,-1.88752433787803,0,0,0,1,1,0,0,0
"Yes","3","male",6,0,1,12.475,"S",1,"Master",2,12.475,0.0701181201306861,0.190068013115074,-1.73719840202598,1,0,0,1,0,0,0,0
"No","3","male",33,0,0,9.5,"S",0,"Mr",1,9.5,0.40939934656949,0.14474117231208,0.292201731976653,1,0,0,1,0,1,0,0
"No","3","male",23,0,0,7.8958,"S",0,"Mr",1,7.8958,0.283739633073637,0.120299720878076,-0.459427947283581,1,0,0,1,0,1,0,0
"Yes","2","female",48,1,2,65,"S",0,"Mrs",4,65,0.59788891681327,0.990334336872128,1.419646250867,0,0,0,1,0,0,1,0
"Yes","2","male",0.67,1,1,14.5,"S",0,"Master",3,14.5,0.00314149283739633,0.220920736686859,-2.13781702107168,1,0,0,1,0,0,0,0
"No","3","male",28,0,0,7.7958,"S",0,"Mr",1,7.7958,0.346569489821563,0.118776129590581,-0.0836131076534643,1,0,0,1,0,1,0,0
"No","2","male",18,0,0,11.5,"S",0,"Mr",1,11.5,0.22090977632571,0.175212998061992,-0.835242786913698,1,0,0,1,0,1,0,0
"No","3","male",34,0,0,8.05,"S",0,"Mr",1,8.05,0.421965317919075,0.122649098643394,0.367364699902676,1,0,0,1,0,1,0,0
"Yes","1","female",33,0,0,86.5,"S",1,"Rare",1,65.6344,0.40939934656949,1,0.292201731976653,0,0,0,1,0,0,0,1
"No","3","male",25,0,0,14.5,"S",0,"Mr",1,14.5,0.308871575772807,0.220920736686859,-0.309102011431534,1,0,0,1,0,1,0,0
"No","3","male",41,0,0,7.125,"S",0,"Mr",1,7.125,0.509927117366172,0.10855587923406,0.89350547538484,1,0,0,1,0,1,0,0
"Yes","3","male",20,0,0,7.2292,"C",0,"Mr",1,7.2292,0.246041719024881,0.110143461355631,-0.684916851061652,1,1,0,0,0,1,0,0
"Yes","1","female",36,1,2,120,"S",1,"Mrs",4,65.6344,0.447097260618246,1,0.517690635754723,0,0,0,1,0,0,1,0
"No","3","male",16,0,0,7.775,"S",0,"Mr",1,7.775,0.195777833626539,0.118459222602781,-0.985568722765745,1,0,0,1,0,1,0,0
"Yes","1","female",51,1,0,77.9583,"S",1,"Mrs",2,65.6344,0.635586830862026,1,1.64513515464507,0,0,0,1,0,0,1,0
"No","1","male",40,0,0,39.6,"C",0,"Rare",1,39.6,0.497361146016587,0.60334214984825,0.818342507458817,1,1,0,0,0,0,0,1
"No","3","female",30.5,0,0,7.75,"Q",0,"Miss",1,7.75,0.377984418195527,0.118078324780908,0.104294312161594,0,0,1,0,1,0,0,0
"No","3","male",25,1,0,24.15,"Q",0,"Mr",2,24.15,0.308871575772807,0.367947295930183,-0.309102011431534,1,0,1,0,0,1,0,0
"No","3","male",32,0,0,8.3625,"S",0,"Mr",1,8.3625,0.396833375219904,0.127410321416818,0.217038764050629,1,0,0,1,0,1,0,0
"No","3","male",24,0,0,9.5,"S",0,"Mr",1,9.5,0.296305604423222,0.14474117231208,-0.384264979357558,1,0,0,1,0,1,0,0
"No","3","male",48,0,0,7.8542,"S",0,"Mr",1,7.8542,0.59788891681327,0.119665906902478,1.419646250867,1,0,0,1,0,1,0,0
"No","2","female",57,0,0,10.5,"S",1,"Mrs",1,10.5,0.710982658959538,0.159977085187036,2.09611296220121,0,0,0,1,0,0,1,0
"No","3","male",25,0,0,7.225,"C",0,"Mr",1,7.225,0.308871575772807,0.110079470521556,-0.309102011431534,1,1,0,0,0,1,0,0
"Yes","2","female",54,1,3,23,"S",0,"Mrs",5,23,0.673284744910782,0.350425996123984,1.87062405842314,0,0,0,1,0,0,1,0
"No","3","male",18,0,0,7.75,"S",0,"Mr",1,7.75,0.22090977632571,0.118078324780908,-0.835242786913698,1,0,0,1,0,1,0,0
"No","3","male",25,0,0,7.75,"Q",1,"Mr",1,7.75,0.308871575772807,0.118078324780908,-0.309102011431534,1,0,1,0,0,1,0,0
"Yes","3","female",5,0,0,12.475,"S",0,"Miss",1,12.475,0.0575521487811008,0.190068013115074,-1.812361369952,0,0,0,1,1,0,0,0
"No","3","male",25,0,0,7.7375,"Q",0,"Mr",1,7.7375,0.308871575772807,0.117887875869971,-0.309102011431534,1,0,1,0,0,1,0,0
"Yes","1","female",43,0,1,211.3375,"S",1,"Mrs",2,65.6344,0.535059060065343,1,1.04383141123689,0,0,0,1,0,0,1,0
"Yes","3","female",13,0,0,7.2292,"C",0,"Miss",1,7.2292,0.158079919577783,0.110143461355631,-1.21105762654382,0,1,0,0,1,0,0,0
"Yes","1","female",17,1,0,57,"S",1,"Mrs",2,57,0.208343804976125,0.868447033872482,-0.910405754839722,0,0,0,1,0,0,1,0
"No","1","male",29,0,0,30,"S",1,"Mr",1,30,0.359135461171149,0.457077386248674,-0.00845013972744087,1,0,0,1,0,1,0,0
"No","3","male",25,1,2,23.45,"S",0,"Mr",4,23.45,0.308871575772807,0.357282156917714,-0.309102011431534,1,0,0,1,0,1,0,0
"No","3","male",25,0,0,7.05,"S",0,"Mr",1,7.05,0.308871575772807,0.107413185768439,-0.309102011431534,1,0,0,1,0,1,0,0
"No","3","male",25,0,0,7.25,"S",0,"Mr",1,7.25,0.308871575772807,0.11046036834343,-0.309102011431534,1,0,0,1,0,1,0,0
"Yes","3","female",18,0,0,7.4958,"S",0,"Miss",1,7.4958,0.22090977632571,0.114205355728094,-0.835242786913698,0,0,0,1,1,0,0,0
"No","3","male",8,4,1,29.125,"Q",0,"Master",6,29.125,0.0952500628298567,0.443745962483088,-1.58687246617393,1,0,1,0,0,0,0,0
"Yes","3","male",1,1,2,20.575,"S",0,"Master",4,20.575,0.00728826338275949,0.313478907402216,-2.1130132416561,1,0,0,1,0,0,0,0
"No","1","male",46,0,0,79.2,"C",1,"Mr",1,65.6344,0.572756974114099,1,1.26932031501496,1,1,0,0,0,1,0,0
"No","3","male",25,0,0,7.75,"Q",0,"Mr",1,7.75,0.308871575772807,0.118078324780908,-0.309102011431534,1,0,1,0,0,1,0,0
"No","2","male",16,0,0,26,"S",0,"Mr",1,26,0.195777833626539,0.396133734748851,-0.985568722765745,1,0,0,1,0,1,0,0
"No","3","female",21.5,8,2,69.55,"S",0,"Miss",11,65.6344,0.264890676049259,1,-0.572172399172616,0,0,0,1,1,0,0,0
"No","1","male",40,0,0,30.6958,"C",0,"Mr",1,30.6958,0.497361146016587,0.467678534427069,0.818342507458817,1,1,0,0,0,1,0,0
"No","3","male",25,0,0,7.8958,"S",0,"Mr",1,7.8958,0.308871575772807,0.120299720878076,-0.309102011431534,1,0,0,1,0,1,0,0
"No","2","male",39,0,0,13,"S",0,"Mr",1,13,0.484795174667002,0.198066867374426,0.743179539532793,1,0,0,1,0,1,0,0
"Yes","1","female",49,0,0,25.9292,"S",1,"Rare",1,25.9292,0.610454888162855,0.395055032117304,1.49480921879303,0,0,0,1,0,0,0,1
"Yes","3","female",31,0,0,8.6833,"S",0,"Mrs",1,8.6833,0.384267403870319,0.132298002267104,0.141875796124606,0,0,0,1,0,0,1,0
"No","3","male",30,0,0,7.2292,"C",0,"Mr",1,7.2292,0.371701432520734,0.110143461355631,0.0667128281985825,1,1,0,0,0,1,0,0
"No","3","female",30,1,1,24.15,"S",0,"Mrs",3,24.15,0.371701432520734,0.367947295930183,0.0667128281985825,0,0,0,1,0,0,1,0
"No","2","male",34,0,0,13,"S",0,"Mr",1,13,0.421965317919075,0.198066867374426,0.367364699902676,1,0,0,1,0,1,0,0
"Yes","2","female",31,1,1,26.25,"S",0,"Mrs",3,26.25,0.384267403870319,0.39994271296759,0.141875796124606,0,0,0,1,0,0,1,0
"Yes","1","male",11,1,2,120,"S",1,"Master",4,65.6344,0.132947976878613,1,-1.36138356239586,1,0,0,1,0,0,0,0
"Yes","3","male",0.42,0,1,8.5167,"C",0,"Master",2,8.5167,0,0.129759699182136,-2.15660776305319,1,1,0,0,0,0,0,0
"Yes","3","male",27,0,0,6.975,"S",0,"Mr",1,6.975,0.334003518471978,0.106270492302817,-0.158776075579488,1,0,0,1,0,1,0,0
"No","3","male",31,0,0,7.775,"S",0,"Mr",1,7.775,0.384267403870319,0.118459222602781,0.141875796124606,1,0,0,1,0,1,0,0
"No","1","male",39,0,0,0,"S",1,"Mr",1,0,0.484795174667002,0,0.743179539532793,1,0,0,1,0,1,0,0
"No","3","female",18,0,0,7.775,"S",0,"Miss",1,7.775,0.22090977632571,0.118459222602781,-0.835242786913698,0,0,0,1,1,0,0,0
"No","2","male",39,0,0,13,"S",0,"Mr",1,13,0.484795174667002,0.198066867374426,0.743179539532793,1,0,0,1,0,1,0,0
"Yes","1","female",33,1,0,53.1,"S",1,"Mrs",2,53.1,0.40939934656949,0.809026973660154,0.292201731976653,0,0,0,1,0,0,1,0
"No","3","male",26,0,0,7.8875,"S",0,"Mr",1,7.8875,0.321437547122393,0.120173262801214,-0.233939043505511,1,0,0,1,0,1,0,0
"No","3","male",39,0,0,24.15,"S",0,"Mr",1,24.15,0.484795174667002,0.367947295930183,0.743179539532793,1,0,0,1,0,1,0,0
"No","2","male",35,0,0,10.5,"S",0,"Mr",1,10.5,0.43453128926866,0.159977085187036,0.4425276678287,1,0,0,1,0,1,0,0
"No","3","female",6,4,2,31.275,"S",0,"Miss",7,31.275,0.0701181201306861,0.476503175164243,-1.73719840202598,0,0,0,1,1,0,0,0
"No","3","male",30.5,0,0,8.05,"S",0,"Mr",1,8.05,0.377984418195527,0.122649098643394,0.104294312161594,1,0,0,1,0,1,0,0
"No","1","male",40,0,0,0,"S",1,"Mr",1,0,0.497361146016587,0,0.818342507458817,1,0,0,1,0,1,0,0
"No","3","female",23,0,0,7.925,"S",0,"Miss",1,7.925,0.283739633073637,0.120744609534025,-0.459427947283581,0,0,0,1,1,0,0,0
"No","2","male",31,1,1,37.0042,"C",0,"Mr",3,37.0042,0.384267403870319,0.56379276720744,0.141875796124606,1,1,0,0,0,1,0,0
"No","3","male",43,0,0,6.45,"S",0,"Mr",1,6.45,0.535059060065343,0.098271638043465,1.04383141123689,1,0,0,1,0,1,0,0
"No","3","male",10,3,2,27.9,"S",0,"Master",6,27.9,0.120382005529027,0.425081969211267,-1.43654653032189,1,0,0,1,0,0,0,0
"Yes","1","female",52,1,1,93.5,"S",1,"Mrs",3,65.6344,0.648152802211611,1,1.7202981225711,0,0,0,1,0,0,1,0
"Yes","3","male",27,0,0,8.6625,"S",0,"Mr",1,8.6625,0.334003518471978,0.131981095279305,-0.158776075579488,1,0,0,1,0,1,0,0
"No","1","male",38,0,0,0,"S",0,"Rare",1,0,0.472229203317416,0,0.66801657160677,1,0,0,1,0,0,0,1
"Yes","3","female",27,0,1,12.475,"S",1,"Mrs",2,12.475,0.334003518471978,0.190068013115074,-0.158776075579488,0,0,0,1,0,0,1,0
"No","3","male",2,4,1,39.6875,"S",0,"Master",6,39.6875,0.0198542347323448,0.604675292224809,-2.03785027373007,1,0,0,1,0,0,0,0
"No","3","male",25,0,0,6.95,"Q",0,"Mr",1,6.95,0.308871575772807,0.105889594480943,-0.309102011431534,1,0,1,0,0,1,0,0
"No","3","male",25,0,0,56.4958,"S",0,"Mr",1,56.4958,0.308871575772807,0.860765086600929,-0.309102011431534,1,0,0,1,0,1,0,0
"Yes","2","male",1,0,2,37.0042,"C",0,"Master",3,37.0042,0.00728826338275949,0.56379276720744,-2.1130132416561,1,1,0,0,0,0,0,0
"Yes","3","male",25,0,0,7.75,"Q",0,"Mr",1,7.75,0.308871575772807,0.118078324780908,-0.309102011431534,1,0,1,0,0,1,0,0
"Yes","1","female",62,0,0,80,"S",1,"Mrs",1,65.6344,0.773812515707464,1,2.47192780183133,0,0,0,1,0,0,1,0
"Yes","3","female",15,1,0,14.4542,"C",0,"Mrs",2,14.4542,0.183211862276954,0.220222931877186,-1.06073169069177,0,1,0,0,0,0,1,0
"Yes","2","male",0.83,1,1,18.75,"S",0,"Master",3,18.75,0.00515204825332998,0.285673366405422,-2.12579094620352,1,0,0,1,0,0,0,0
"No","3","male",25,0,0,7.2292,"C",0,"Mr",1,7.2292,0.308871575772807,0.110143461355631,-0.309102011431534,1,1,0,0,0,1,0,0
"No","3","male",23,0,0,7.8542,"S",0,"Mr",1,7.8542,0.283739633073637,0.119665906902478,-0.459427947283581,1,0,0,1,0,1,0,0
"No","3","male",18,0,0,8.3,"S",0,"Mr",1,8.3,0.22090977632571,0.126458076862133,-0.835242786913698,1,0,0,1,0,1,0,0
"Yes","1","female",39,1,1,83.1583,"C",1,"Miss",3,65.6344,0.484795174667002,1,0.743179539532793,0,1,0,0,1,0,0,0
"No","3","male",21,0,0,8.6625,"S",0,"Mr",1,8.6625,0.258607690374466,0.131981095279305,-0.609753883135628,1,0,0,1,0,1,0,0
"No","3","male",25,0,0,8.05,"S",0,"Mr",1,8.05,0.308871575772807,0.122649098643394,-0.309102011431534,1,0,0,1,0,1,0,0
"Yes","3","male",32,0,0,56.4958,"S",0,"Mr",1,56.4958,0.396833375219904,0.860765086600929,0.217038764050629,1,0,0,1,0,1,0,0
"Yes","1","male",40,0,0,29.7,"C",1,"Mr",1,29.7,0.497361146016587,0.452506612386188,0.818342507458817,1,1,0,0,0,1,0,0
"No","3","male",20,0,0,7.925,"S",0,"Mr",1,7.925,0.246041719024881,0.120744609534025,-0.684916851061652,1,0,0,1,0,1,0,0
"No","2","male",16,0,0,10.5,"S",0,"Mr",1,10.5,0.195777833626539,0.159977085187036,-0.985568722765745,1,0,0,1,0,1,0,0
"Yes","1","female",30,0,0,31,"C",0,"Miss",1,31,0.371701432520734,0.47231329912363,0.0667128281985825,0,1,0,0,1,0,0,0
"No","3","male",34.5,0,0,6.4375,"C",0,"Mr",1,6.4375,0.428248303593868,0.0980811891325281,0.404946183865688,1,1,0,0,0,1,0,0
"No","3","male",17,0,0,8.6625,"S",0,"Mr",1,8.6625,0.208343804976125,0.131981095279305,-0.910405754839722,1,0,0,1,0,1,0,0
"No","3","male",42,0,0,7.55,"S",0,"Mr",1,7.55,0.522493088715758,0.115031142205916,0.968668443310863,1,0,0,1,0,1,0,0
"No","3","male",25,8,2,69.55,"S",0,"Mr",11,65.6344,0.308871575772807,1,-0.309102011431534,1,0,0,1,0,1,0,0
"No","3","male",35,0,0,7.8958,"C",0,"Mr",1,7.8958,0.43453128926866,0.120299720878076,0.4425276678287,1,1,0,0,0,1,0,0
"No","2","male",28,0,1,33,"S",0,"Rare",2,33,0.346569489821563,0.502785124873542,-0.0836131076534643,1,0,0,1,0,0,0,1
"Yes","1","female",35,1,0,89.1042,"C",1,"Mrs",2,65.6344,0.43453128926866,1,0.4425276678287,0,1,0,0,0,0,1,0
"No","3","male",4,4,2,31.275,"S",0,"Master",7,31.275,0.0449861774315155,0.476503175164243,-1.88752433787803,1,0,0,1,0,0,0,0
"No","3","male",74,0,0,7.775,"S",0,"Mr",1,7.775,0.924604171902488,0.118459222602781,3.37388341694361,1,0,0,1,0,1,0,0
"No","3","female",9,1,1,15.2458,"C",0,"Miss",3,15.2458,0.107816034179442,0.232283680509001,-1.51170949824791,0,1,0,0,1,0,0,0
"Yes","1","female",16,0,1,39.4,"S",1,"Miss",2,39.4,0.195777833626539,0.600294967273259,-0.985568722765745,0,0,0,1,1,0,0,0
"No","2","female",44,1,0,26,"S",0,"Mrs",2,26,0.547625031414928,0.396133734748851,1.11899437916291,0,0,0,1,0,0,1,0
"Yes","3","female",18,0,1,9.35,"S",0,"Mrs",2,9.35,0.22090977632571,0.142455785380837,-0.835242786913698,0,0,0,1,0,0,1,0
"Yes","1","female",45,1,1,164.8667,"S",0,"Mrs",3,65.6344,0.560191002764514,1,1.19415734708893,0,0,0,1,0,0,1,0
"Yes","1","male",51,0,0,26.55,"S",1,"Mr",1,26.55,0.635586830862026,0.404513486830077,1.64513515464507,1,0,0,1,0,1,0,0
"Yes","3","female",24,0,3,19.2583,"C",0,"Mrs",4,19.2583,0.296305604423222,0.293417780919762,-0.384264979357558,0,1,0,0,0,0,1,0
"No","3","male",25,0,0,7.2292,"C",0,"Mr",1,7.2292,0.308871575772807,0.110143461355631,-0.309102011431534,1,1,0,0,0,1,0,0
"No","3","male",41,2,0,14.1083,"S",0,"Mr",3,14.1083,0.509927117366172,0.214952829613739,0.89350547538484,1,0,0,1,0,1,0,0
"No","2","male",21,1,0,11.5,"S",0,"Mr",2,11.5,0.258607690374466,0.175212998061992,-0.609753883135628,1,0,0,1,0,1,0,0
"Yes","1","female",48,0,0,25.9292,"S",1,"Mrs",1,25.9292,0.59788891681327,0.395055032117304,1.419646250867,0,0,0,1,0,0,1,0
"No","3","female",21.5,8,2,69.55,"S",0,"Miss",11,65.6344,0.264890676049259,1,-0.572172399172616,0,0,0,1,1,0,0,0
"No","2","male",24,0,0,13,"S",0,"Mr",1,13,0.296305604423222,0.198066867374426,-0.384264979357558,1,0,0,1,0,1,0,0
"Yes","2","female",42,0,0,13,"S",0,"Mrs",1,13,0.522493088715758,0.198066867374426,0.968668443310863,0,0,0,1,0,0,1,0
"Yes","2","female",27,1,0,13.8583,"C",0,"Miss",2,13.8583,0.334003518471978,0.211143851395,-0.158776075579488,0,1,0,0,1,0,0,0
"No","1","male",31,0,0,50.4958,"S",1,"Mr",1,50.4958,0.384267403870319,0.769349609351194,0.141875796124606,1,0,0,1,0,1,0,0
"No","3","male",25,0,0,9.5,"S",0,"Mr",1,9.5,0.308871575772807,0.14474117231208,-0.309102011431534,1,0,0,1,0,1,0,0
"Yes","3","male",4,1,1,11.1333,"S",0,"Master",3,11.1333,0.0449861774315155,0.169625988810746,-1.88752433787803,1,0,0,1,0,0,0,0
"No","3","male",26,0,0,7.8958,"S",0,"Mr",1,7.8958,0.321437547122393,0.120299720878076,-0.233939043505511,1,0,0,1,0,1,0,0
"Yes","1","female",47,1,1,52.5542,"S",1,"Mrs",3,52.5542,0.585322945463684,0.800711212413003,1.34448328294098,0,0,0,1,0,0,1,0
"No","1","male",33,0,0,5,"S",1,"Mr",1,5,0.40939934656949,0.0761795643747791,0.292201731976653,1,0,0,1,0,1,0,0
"No","3","male",47,0,0,9,"S",0,"Mr",1,9,0.585322945463684,0.137123215874602,1.34448328294098,1,0,0,1,0,1,0,0
"Yes","2","female",28,1,0,24,"C",0,"Mrs",2,24,0.346569489821563,0.36566190899894,-0.0836131076534643,0,1,0,0,0,0,1,0
"Yes","3","female",15,0,0,7.225,"C",0,"Miss",1,7.225,0.183211862276954,0.110079470521556,-1.06073169069177,0,1,0,0,1,0,0,0
"No","3","male",20,0,0,9.8458,"S",0,"Mr",1,9.8458,0.246041719024881,0.15000975098424,-0.684916851061652,1,0,0,1,0,1,0,0
"No","3","male",19,0,0,7.8958,"S",0,"Mr",1,7.8958,0.233475747675295,0.120299720878076,-0.760079818987675,1,0,0,1,0,1,0,0
"No","3","male",25,0,0,7.8958,"S",0,"Mr",1,7.8958,0.308871575772807,0.120299720878076,-0.309102011431534,1,0,0,1,0,1,0,0
"Yes","1","female",56,0,1,83.1583,"C",1,"Mrs",2,65.6344,0.698416687609952,1,2.02094999427519,0,1,0,0,0,0,1,0
"Yes","2","female",25,0,1,26,"S",0,"Mrs",2,26,0.308871575772807,0.396133734748851,-0.309102011431534,0,0,0,1,0,0,1,0
"No","3","male",33,0,0,7.8958,"S",0,"Mr",1,7.8958,0.40939934656949,0.120299720878076,0.292201731976653,1,0,0,1,0,1,0,0
"No","3","female",22,0,0,10.5167,"S",0,"Miss",1,10.5167,0.271173661724051,0.160231524932048,-0.534590915209605,0,0,0,1,1,0,0,0
"No","2","male",28,0,0,10.5,"S",0,"Mr",1,10.5,0.346569489821563,0.159977085187036,-0.0836131076534643,1,0,0,1,0,1,0,0
"No","3","male",25,0,0,7.05,"S",0,"Mr",1,7.05,0.308871575772807,0.107413185768439,-0.309102011431534,1,0,0,1,0,1,0,0
"No","3","female",39,0,5,29.125,"Q",0,"Mrs",6,29.125,0.484795174667002,0.443745962483088,0.743179539532793,0,0,1,0,0,0,1,0
"No","2","male",27,0,0,13,"S",0,"Rare",1,13,0.334003518471978,0.198066867374426,-0.158776075579488,1,0,0,1,0,0,0,1
"Yes","1","female",19,0,0,30,"S",1,"Miss",1,30,0.233475747675295,0.457077386248674,-0.760079818987675,0,0,0,1,1,0,0,0
"No","3","female",21.5,1,2,23.45,"S",0,"Miss",4,23.45,0.264890676049259,0.357282156917714,-0.572172399172616,0,0,0,1,1,0,0,0
"Yes","1","male",26,0,0,30,"C",1,"Mr",1,30,0.321437547122393,0.457077386248674,-0.233939043505511,1,1,0,0,0,1,0,0
"No","3","male",32,0,0,7.75,"Q",0,"Mr",1,7.75,0.396833375219904,0.118078324780908,0.217038764050629,1,0,1,0,0,1,0,0
